group,x,bin,isknot,mid,fit,cohort
ARG,4,1,0,0,25.922575454304248,Before 1950s
ARG,11.472222222222221,2,0,0,39.43935881864704,Before 1950s
ARG,18.441176470588236,3,0,0,39.67177962013215,Before 1950s
ARG,24.470588235294116,4,0,0,42.36892354257854,Before 1950s
ARG,31.02777777777778,5,0,0,43.96490762747511,Before 1950s
ARG,38,6,0,0,59.873714544305464,Before 1950s
ARG,44.515151515151516,7,0,0,64.94114749283517,Before 1950s
ARG,50.973684210526315,8,0,0,63.90322089656305,Before 1950s
ARG,57.470588235294116,9,0,0,73.17914971141344,Before 1950s
ARG,63.375,10,0,0,76.26925626007356,Before 1950s
ARG,4.488888888888889,1,0,0,31.121923117118833,1950s
ARG,12.051282051282051,2,0,0,35.68607637769361,1950s
ARG,19,3,0,0,38.91015716836449,1950s
ARG,26,4,0,0,46.491966732336785,1950s
ARG,33.5,5,0,0,46.44987293458659,1950s
ARG,41.07692307692308,6,0,0,63.18841312067391,1950s
ARG,48.02439024390244,7,0,0,60.27233770131266,1950s
ARG,54.92307692307692,8,0,0,63.12643678418446,1950s
ARG,62,9,0,0,63.95119800922765,1950s
ARG,68.77777777777777,10,0,0,82.45192245748251,1950s
ARG,5.107142857142857,1,0,0,31.60071973243611,1960s
ARG,12.978260869565217,2,0,0,35.583103569890724,1960s
ARG,20.49056603773585,3,0,0,43.03243810768175,1960s
ARG,28.333333333333332,4,0,0,52.967379459471005,1960s
ARG,35.95744680851064,5,0,0,51.93720445346518,1960s
ARG,43.44444444444444,6,0,0,52.14039332590561,1960s
ARG,51.5,7,0,0,64.69913597283339,1960s
ARG,59.450980392156865,8,0,0,61.15580376420041,1960s
ARG,66.93617021276596,9,0,0,75.14759851994724,1960s
ARG,74.20833333333333,10,0,0,80.32910485217104,1960s
ARG,4.548387096774194,1,0,0,28.642066159883527,1970s
ARG,12.444444444444445,2,0,0,39.846053347338696,1970s
ARG,20.09090909090909,3,0,0,36.9201090550388,1970s
ARG,27.475409836065573,4,0,0,46.462567039236546,1970s
ARG,35.63333333333333,5,0,0,54.72582233367223,1970s
ARG,43.03703703703704,6,0,0,59.40480744863319,1970s
ARG,50.609375,7,0,0,59.70802992788036,1970s
ARG,58.0188679245283,8,0,0,66.76424811621558,1970s
ARG,65.50769230769231,9,0,0,69.75808098622265,1970s
ARG,72.80392156862744,10,0,0,79.05428310895039,1970s
ARG,5.051282051282051,1,0,0,31.87882738677687,1980s
ARG,13,2,0,0,42.42246562266282,1980s
ARG,20.54794520547945,3,0,0,43.945971842762724,1980s
ARG,28,4,0,0,51.106079478054106,1980s
ARG,35.46478873239437,5,0,0,49.26524180545909,1980s
ARG,43.473684210526315,6,0,0,56.044391018023006,1980s
ARG,51.57333333333333,7,0,0,63.18397247534238,1980s
ARG,59.06060606060606,8,0,0,67.18714732567291,1980s
ARG,66.41333333333333,9,0,0,67.23938865804253,1980s
ARG,73.81538461538462,10,0,0,79.20519811162234,1980s
ARG,5,1,0,0,38.34854505032994,1990s
ARG,13.546875,2,0,0,40.52142352766024,1990s
ARG,21.38235294117647,3,0,0,49.92874820227962,1990s
ARG,29.59090909090909,4,0,0,50.0643931113643,1990s
ARG,37.986486486486484,5,0,0,55.41223728864717,1990s
ARG,46.470588235294116,6,0,0,59.42538796337329,1990s
ARG,54.515151515151516,7,0,0,55.666422469348454,1990s
ARG,62.5,8,0,0,67.26810563289919,1990s
ARG,70.61764705882354,9,0,0,72.09392006099868,1990s
ARG,78.01639344262296,10,0,0,72.5184641520975,1990s
BHS,3.2857142857142856,1,0,0,21.758467686570913,Before 1950s
BHS,11.357142857142858,2,0,0,26.95179894711945,Before 1950s
BHS,16.53846153846154,3,0,0,25.94237944136682,Before 1950s
BHS,21.307692307692307,4,0,0,46.28663622614559,Before 1950s
BHS,26.916666666666668,5,0,0,39.18927116892285,Before 1950s
BHS,32.857142857142854,6,0,0,45.997043781062075,Before 1950s
BHS,39,7,0,0,57.38977076210488,Before 1950s
BHS,44.07142857142857,8,0,0,66.66586391519223,Before 1950s
BHS,49.083333333333336,9,0,0,66.38777102759914,Before 1950s
BHS,53.61538461538461,10,0,0,75.67041166925439,Before 1950s
BHS,5.157894736842105,1,0,0,21.903926151351335,1950s
BHS,13.055555555555555,2,0,0,44.7332180186152,1950s
BHS,19.555555555555557,3,0,0,36.772125280725646,1950s
BHS,26.529411764705884,4,0,0,56.51707554023676,1950s
BHS,33.526315789473685,5,0,0,53.978050427257244,1950s
BHS,39.25,6,0,0,62.512112281284864,1950s
BHS,45.333333333333336,7,0,0,52.65996337446031,1950s
BHS,52.44444444444444,8,0,0,50.722074734646945,1950s
BHS,58.5,9,0,0,72.0360497779462,1950s
BHS,63.94117647058823,10,0,0,67.28601477840998,1950s
BHS,4.818181818181818,1,0,0,43.95772106940019,1960s
BHS,12.55,2,0,0,45.00488072833426,1960s
BHS,20.210526315789473,3,0,0,46.46695205852623,1960s
BHS,28.434782608695652,4,0,0,55.2854898763139,1960s
BHS,35.64102564102564,5,0,0,39.135062884876696,1960s
BHS,41.891891891891895,6,0,0,50.97522488139478,1960s
BHS,48.97727272727273,7,0,0,59.118721778771665,1960s
BHS,55.39473684210526,8,0,0,61.525476258238776,1960s
BHS,62.04545454545455,9,0,0,62.94015583793712,1960s
BHS,68.27777777777777,10,0,0,72.08451930449941,1960s
BHS,4.827586206896552,1,0,0,42.673738340153214,1970s
BHS,13.408163265306122,2,0,0,48.18437927206144,1970s
BHS,21.11320754716981,3,0,0,56.71103207806704,1970s
BHS,28.176470588235293,4,0,0,38.5896185099843,1970s
BHS,35.96551724137931,5,0,0,44.533730915616076,1970s
BHS,44.02040816326531,6,0,0,54.35217849267021,1970s
BHS,52.61818181818182,7,0,0,56.000571874354286,1970s
BHS,60.142857142857146,8,0,0,63.892294903852125,1970s
BHS,67.05660377358491,9,0,0,53.055228259163684,1970s
BHS,74.32692307692308,10,0,0,76.89400479492181,1970s
BHS,5.180555555555555,1,0,0,44.43252739972385,1980s
BHS,14.093333333333334,2,0,0,52.15320400602805,1980s
BHS,22,3,0,0,32.81455414122038,1980s
BHS,29.460526315789473,4,0,0,36.44742867159764,1980s
BHS,38.082191780821915,5,0,0,48.542228068383984,1980s
BHS,45.59375,6,0,0,56.239183644880946,1980s
BHS,52.94444444444444,7,0,0,63.67541730242686,1980s
BHS,60.436619718309856,8,0,0,59.37433290643367,1980s
BHS,68,9,0,0,56.181354667753304,1980s
BHS,74.93650793650794,10,0,0,70.37950268391455,1980s
BHS,4.285714285714286,1,0,0,47.84324371041255,1990s
BHS,12.444444444444445,2,0,0,34.651915039323114,1990s
BHS,19.358974358974358,3,0,0,32.42141063433038,1990s
BHS,25.72093023255814,4,0,0,47.093414464183674,1990s
BHS,33.86046511627907,5,0,0,51.00712575434426,1990s
BHS,41.8780487804878,6,0,0,63.74186838753879,1990s
BHS,48.95238095238095,7,0,0,64.66918899864659,1990s
BHS,56.282051282051285,8,0,0,65.80794783030055,1990s
BHS,62.95348837209303,9,0,0,64.46461562596441,1990s
BHS,70,10,0,0,81.4298447978529,1990s
BLZ,4,1,0,0,25.793659845103374,Before 1950s
BLZ,10.5,2,0,0,43.31779090660655,Before 1950s
BLZ,16.4,3,0,0,48.47453603690865,Before 1950s
BLZ,22.533333333333335,4,0,0,40.62993817949944,Before 1950s
BLZ,28.6,5,0,0,48.67075605770764,Before 1950s
BLZ,35,6,0,0,42.23890240385968,Before 1950s
BLZ,41.53333333333333,7,0,0,45.15509577943248,Before 1950s
BLZ,47.6,8,0,0,67.09660484616612,Before 1950s
BLZ,54.05882352941177,9,0,0,59.07247985115619,Before 1950s
BLZ,60.23076923076923,10,0,0,79.0041617635276,Before 1950s
BLZ,3.8636363636363638,1,0,0,38.93866475350356,1950s
BLZ,10.421052631578947,2,0,0,42.1128741470254,1950s
BLZ,17,3,0,0,45.371100778202546,1950s
BLZ,23.473684210526315,4,0,0,52.27076888386752,1950s
BLZ,29.954545454545453,5,0,0,51.59748221788558,1950s
BLZ,36.90909090909091,6,0,0,44.53784726906445,1950s
BLZ,43.421052631578945,7,0,0,63.59543582743939,1950s
BLZ,49.421052631578945,8,0,0,65.44554023877967,1950s
BLZ,56,9,0,0,64.1429367633401,1950s
BLZ,62.473684210526315,10,0,0,74.13133574229096,1950s
BLZ,4,1,0,0,37.33337033549792,1960s
BLZ,10.5625,2,0,0,30.44369006436588,1960s
BLZ,17,3,0,0,45.31365700293238,1960s
BLZ,24,4,0,0,39.65433959271749,1960s
BLZ,30.483870967741936,5,0,0,35.88565472847607,1960s
BLZ,36.94736842105263,6,0,0,53.97096842144425,1960s
BLZ,43.5,7,0,0,56.80345563618029,1960s
BLZ,49.972972972972975,8,0,0,60.573012373324396,1960s
BLZ,56.484848484848484,9,0,0,57.758252342294774,1960s
BLZ,62.76470588235294,10,0,0,69.93380950708654,1960s
BLZ,4.5,1,0,0,34.548260402621885,1970s
BLZ,12.028571428571428,2,0,0,38.01401961783036,1970s
BLZ,19,3,0,0,35.512724509524304,1970s
BLZ,26,4,0,0,40.28199103842794,1970s
BLZ,33,5,0,0,54.99830849628224,1970s
BLZ,39.50819672131148,6,0,0,53.71011655497856,1970s
BLZ,46.54430379746835,7,0,0,54.81309150088931,1970s
BLZ,53.94285714285714,8,0,0,60.912594210567946,1970s
BLZ,61.04225352112676,9,0,0,64.81297895976205,1970s
BLZ,67.5,10,0,0,73.97479175366968,1970s
BLZ,4.488372093023256,1,0,0,34.756617668440306,1980s
BLZ,12.027027027027026,2,0,0,33.69724067991691,1980s
BLZ,19,3,0,0,34.17702193039744,1980s
BLZ,26.027027027027028,4,0,0,48.88903387021673,1980s
BLZ,32.972972972972975,5,0,0,45.00602213063438,1980s
BLZ,40,6,0,0,54.35872008923083,1980s
BLZ,46.972972972972975,7,0,0,61.57717860056661,1980s
BLZ,54.48837209302326,8,0,0,60.96969436593925,1980s
BLZ,62.027027027027025,9,0,0,60.38838362448928,1980s
BLZ,68.60606060606061,10,0,0,74.41862343443422,1980s
BLZ,4.470588235294118,1,0,0,38.99418772695902,1990s
BLZ,12.03448275862069,2,0,0,45.71758475901448,1990s
BLZ,19.515151515151516,3,0,0,41.81146065103144,1990s
BLZ,27.033333333333335,4,0,0,41.792577608724685,1990s
BLZ,34,5,0,0,48.14107095577788,1990s
BLZ,41.470588235294116,6,0,0,50.10141473105158,1990s
BLZ,49,7,0,0,56.57852856074967,1990s
BLZ,56.55882352941177,8,0,0,62.132007634306966,1990s
BLZ,64.06896551724138,9,0,0,78.18610446595274,1990s
BLZ,71.07142857142857,10,0,0,79.07859003794717,1990s
BOL,3.6285714285714286,1,0,0,25.995270296513247,Before 1950s
BOL,9.685714285714285,2,0,0,28.873658610171347,Before 1950s
BOL,14.294117647058824,3,0,0,32.09065678397485,Before 1950s
BOL,20.075,4,0,0,28.799467935958035,Before 1950s
BOL,26.4,5,0,0,30.272400040085643,Before 1950s
BOL,35.542857142857144,6,0,0,46.9873764191995,Before 1950s
BOL,44.973684210526315,7,0,0,56.39366605726557,Before 1950s
BOL,50.38709677419355,8,0,0,61.15901044170119,Before 1950s
BOL,57.945945945945944,9,0,0,67.05836992903359,Before 1950s
BOL,64.93333333333334,10,0,0,82.6171654456363,Before 1950s
BOL,3.5084745762711864,1,0,0,23.679825366868585,1950s
BOL,9.37037037037037,2,0,0,27.15972496945509,1950s
BOL,15.607142857142858,3,0,0,32.680226150131716,1950s
BOL,22,4,0,0,36.471352094483684,1950s
BOL,29.489795918367346,5,0,0,40.796674239288954,1950s
BOL,39.88135593220339,6,0,0,45.26407254965311,1950s
BOL,46.94642857142857,7,0,0,56.290264121213646,1950s
BOL,54.63636363636363,8,0,0,61.75011342597081,1950s
BOL,62.92982456140351,9,0,0,72.88323056721333,1950s
BOL,70.83018867924528,10,0,0,83.06760627527396,1950s
BOL,3.9529411764705884,1,0,0,26.33787964020919,1960s
BOL,10.337349397590362,2,0,0,33.18515521339379,1960s
BOL,15.873239436619718,3,0,0,30.170748502442947,1960s
BOL,22.205128205128204,4,0,0,37.21253932164414,1960s
BOL,33.28735632183908,5,0,0,43.66368287587771,1960s
BOL,40.43589743589744,6,0,0,48.51787621661576,1960s
BOL,45.93421052631579,7,0,0,58.70147397973705,1960s
BOL,54.2,8,0,0,63.21159454580649,1960s
BOL,61.207317073170735,9,0,0,74.62391158900842,1960s
BOL,69.36842105263158,10,0,0,83.11762029675009,1960s
BOL,3.2523364485981308,1,0,0,25.253215860921117,1970s
BOL,9.432692307692308,2,0,0,27.691865298408764,1970s
BOL,19.05217391304348,3,0,0,43.33833425906257,1970s
BOL,27.692307692307693,4,0,0,44.566399248981945,1970s
BOL,33.255102040816325,5,0,0,47.114511020053165,1970s
BOL,40.01960784313726,6,0,0,52.86490414746024,1970s
BOL,49.7037037037037,7,0,0,58.94939839719992,1970s
BOL,56.66346153846154,8,0,0,59.77930687439431,1970s
BOL,63.95145631067961,9,0,0,68.31581209494166,1970s
BOL,71.47826086956522,10,0,0,80.4559862218779,1970s
BOL,3.4191176470588234,1,0,0,21.992943724583583,1980s
BOL,11.88888888888889,2,0,0,36.09588375570311,1980s
BOL,19.59285714285714,3,0,0,40.295756364125914,1980s
BOL,25.480916030534353,4,0,0,49.22261763793269,1980s
BOL,31.8125,5,0,0,48.59353159805318,1980s
BOL,41.488,6,0,0,61.248650491622236,1980s
BOL,48.56204379562044,7,0,0,58.638046282221495,1980s
BOL,56.51063829787234,8,0,0,58.066957284722164,1980s
BOL,63.611111111111114,9,0,0,67.58907732766812,1980s
BOL,70.94488188976378,10,0,0,81.77520597315508,1980s
BOL,4.039370078740157,1,0,0,30.239467408994916,1990s
BOL,11.55084745762712,2,0,0,35.37496328895246,1990s
BOL,17.908333333333335,3,0,0,46.43327067992941,1990s
BOL,25.642857142857142,4,0,0,54.67135118756723,1990s
BOL,36.70247933884298,5,0,0,53.39409227073596,1990s
BOL,43.9344262295082,6,0,0,57.54600356557682,1990s
BOL,51.68141592920354,7,0,0,49.180139569679085,1990s
BOL,59.99212598425197,8,0,0,59.15905973533829,1990s
BOL,68.41739130434783,9,0,0,72.63815821940882,1990s
BOL,76.26050420168067,10,0,0,73.2571935751035,1990s
BRA,10.5625,1,0,0,19.578817850340513,Before 1950s
BRA,14.76923076923077,2,0,0,39.64367109236836,Before 1950s
BRA,19.46153846153846,3,0,0,43.51303145958449,Before 1950s
BRA,25.428571428571427,4,0,0,37.47178115387692,Before 1950s
BRA,31.125,5,0,0,59.13981801815315,Before 1950s
BRA,35.333333333333336,6,0,0,55.47717363377749,Before 1950s
BRA,42.142857142857146,7,0,0,47.652462926934966,Before 1950s
BRA,48.6,8,0,0,53.420820223286384,Before 1950s
BRA,54.07692307692308,9,0,0,70.2900538710721,Before 1950s
BRA,60.15384615384615,10,0,0,78.83597038630386,Before 1950s
BRA,7.615384615384615,1,0,0,22.968535318814492,1950s
BRA,12.714285714285714,2,0,0,30.900253489548735,1950s
BRA,18.423076923076923,3,0,0,45.66517313903322,1950s
BRA,22.526315789473685,4,0,0,38.93338599754322,1950s
BRA,28.875,5,0,0,50.302544494103685,1950s
BRA,34.4,6,0,0,58.605238317525576,1950s
BRA,39.88,7,0,0,58.454626010246336,1950s
BRA,45.80952380952381,8,0,0,71.17510041728411,1950s
BRA,52.17391304347826,9,0,0,73.52233427140885,1950s
BRA,58.2,10,0,0,77.73108238738443,1950s
BRA,6,1,0,0,24.122468389088503,1960s
BRA,11.485714285714286,2,0,0,42.55827356985977,1960s
BRA,15.766666666666667,3,0,0,46.27347221104813,1960s
BRA,20.774193548387096,4,0,0,39.61870514108681,1960s
BRA,28.375,5,0,0,45.91589405796966,1960s
BRA,33.8974358974359,6,0,0,56.17357907688494,1960s
BRA,38.392857142857146,7,0,0,65.62233584741881,1960s
BRA,43.935483870967744,8,0,0,63.76193401699355,1960s
BRA,49.1,9,0,0,77.10798982912654,1960s
BRA,56.53125,10,0,0,78.3479451645202,1960s
BRA,5.4363636363636365,1,0,0,29.41324789789445,1970s
BRA,11.255813953488373,2,0,0,40.279067312746314,1970s
BRA,18.3015873015873,3,0,0,52.23834045145088,1970s
BRA,26.333333333333332,4,0,0,54.78264741237588,1970s
BRA,31.810344827586206,5,0,0,54.180850261138524,1970s
BRA,36.80487804878049,6,0,0,65.28156797930602,1970s
BRA,44.08,7,0,0,62.58996120207385,1970s
BRA,49.76923076923077,8,0,0,65.41646947850548,1970s
BRA,57.53061224489796,9,0,0,70.72900995888757,1970s
BRA,63.175,10,0,0,79.5117997371335,1970s
BRA,4,1,0,0,31.61181789935532,1980s
BRA,11.278688524590164,2,0,0,45.263985683726304,1980s
BRA,18.77777777777778,3,0,0,52.62538939188578,1980s
BRA,23.833333333333332,4,0,0,54.32900639988595,1980s
BRA,30.38,5,0,0,49.21156626432696,1980s
BRA,37.271186440677965,6,0,0,65.57552295393116,1980s
BRA,42.82608695652174,7,0,0,59.038197891166256,1980s
BRA,51.224137931034484,8,0,0,63.19136286971782,1980s
BRA,57.87719298245614,9,0,0,68.99794340725448,1980s
BRA,63,10,0,0,79.27269737826902,1980s
BRA,5.720588235294118,1,0,0,36.15695270887271,1990s
BRA,14.102941176470589,2,0,0,36.20901616828996,1990s
BRA,20.471698113207548,3,0,0,49.04857719076021,1990s
BRA,28.34328358208955,4,0,0,49.65524763724243,1990s
BRA,35.24193548387097,5,0,0,54.87028329155945,1990s
BRA,42.7,6,0,0,52.13437201986819,1990s
BRA,50.23529411764706,7,0,0,54.02571269299173,1990s
BRA,57.516666666666666,8,0,0,65.01976441413449,1990s
BRA,63.774193548387096,9,0,0,65.80055419399493,1990s
BRA,71.0327868852459,10,0,0,78.10652652444969,1990s
CHL,3.4375,1,0,0,21.13444422368806,Before 1950s
CHL,9,2,0,0,29.121463327426138,Before 1950s
CHL,14.41304347826087,3,0,0,38.61976025779058,Before 1950s
CHL,20.055555555555557,4,0,0,36.38278875707849,Before 1950s
CHL,25.568627450980394,5,0,0,47.62103644866069,Before 1950s
CHL,30.605263157894736,6,0,0,56.355564307973495,Before 1950s
CHL,36.04651162790697,7,0,0,61.819775830880076,Before 1950s
CHL,42.02325581395349,8,0,0,66.36761307015595,Before 1950s
CHL,48.3,9,0,0,69.49724580543862,Before 1950s
CHL,53.51428571428571,10,0,0,87.90527905636507,Before 1950s
CHL,3.6956521739130435,1,0,0,21.49505574488341,1950s
CHL,9.35135135135135,2,0,0,34.2239447444634,1950s
CHL,15.390243902439025,3,0,0,37.20903897886935,1950s
CHL,21.58139534883721,4,0,0,41.60632957608735,1950s
CHL,28.047619047619047,5,0,0,56.57562934036753,1950s
CHL,34.53846153846154,6,0,0,45.65369660291367,1950s
CHL,40.35,7,0,0,63.9798895543642,1950s
CHL,47.12765957446808,8,0,0,65.89868271802816,1950s
CHL,53.083333333333336,9,0,0,72.95980296588658,1950s
CHL,58.45,10,0,0,76.74759620162433,1950s
CHL,3.3278688524590163,1,0,0,28.36517657500639,1960s
CHL,10.096774193548388,2,0,0,34.75022022994665,1960s
CHL,17.484848484848484,3,0,0,44.731257379727495,1960s
CHL,24.389830508474578,4,0,0,38.5338270862683,1960s
CHL,31.107142857142858,5,0,0,52.06259501379181,1960s
CHL,38.44444444444444,6,0,0,49.812644441960416,1960s
CHL,45.98275862068966,7,0,0,59.674174961332845,1960s
CHL,53.07692307692308,8,0,0,59.61356336952997,1960s
CHL,59.68421052631579,9,0,0,71.23748665428904,1960s
CHL,65.87719298245614,10,0,0,80.42591655113682,1960s
CHL,3.4444444444444446,1,0,0,33.0848315086378,1970s
CHL,9.904761904761905,2,0,0,39.542695329381026,1970s
CHL,17.09375,3,0,0,44.087329489421435,1970s
CHL,23.890625,4,0,0,49.40073835101731,1970s
CHL,30.81967213114754,5,0,0,46.401670475730114,1970s
CHL,39.19444444444444,6,0,0,57.59626782629046,1970s
CHL,46.43636363636364,7,0,0,53.39228005918339,1970s
CHL,53.1764705882353,8,0,0,67.3235952120045,1970s
CHL,61.15,9,0,0,71.84246679309761,1970s
CHL,67.96666666666667,10,0,0,80.84513246061107,1970s
CHL,3.984375,1,0,0,26.344259166975245,1980s
CHL,11.098591549295774,2,0,0,40.06586432022161,1980s
CHL,17.508196721311474,3,0,0,42.1879341740101,1980s
CHL,24.403225806451612,4,0,0,40.302123346736096,1980s
CHL,31.540983606557376,5,0,0,51.938536871875414,1980s
CHL,38.30769230769231,6,0,0,59.371232268046946,1980s
CHL,46,7,0,0,52.422952142474024,1980s
CHL,55.338235294117645,8,0,0,67.66023658307175,1980s
CHL,62.75806451612903,9,0,0,68.05948274342478,1980s
CHL,70.13793103448276,10,0,0,80.12600307953862,1980s
CHL,4.571428571428571,1,0,0,31.445100862736336,1990s
CHL,11.782608695652174,2,0,0,42.7973473184739,1990s
CHL,19.50980392156863,3,0,0,51.9097245656142,1990s
CHL,28.425531914893618,4,0,0,43.45282179640634,1990s
CHL,36.42307692307692,5,0,0,51.039265306689984,1990s
CHL,47.02040816326531,6,0,0,57.16426922334239,1990s
CHL,54.94230769230769,7,0,0,57.18575954641578,1990s
CHL,61.875,8,0,0,59.81850880836462,1990s
CHL,69.70212765957447,9,0,0,64.99513802950605,1990s
CHL,77.85714285714286,10,0,0,69.71127981936148,1990s
COL,3.9047619047619047,1,0,0,37.23568791023865,Before 1950s
COL,11.1,2,0,0,35.14777279591493,Before 1950s
COL,17.529411764705884,3,0,0,37.66291626046591,Before 1950s
COL,24.857142857142858,4,0,0,40.90376350644123,Before 1950s
COL,31.36842105263158,5,0,0,25.74492057585768,Before 1950s
COL,37.5,6,0,0,61.28857736604394,Before 1950s
COL,44.04545454545455,7,0,0,56.43624435785951,Before 1950s
COL,50.5,8,0,0,59.277724171705735,Before 1950s
COL,56.578947368421055,9,0,0,69.5969324273756,Before 1950s
COL,62.35294117647059,10,0,0,82.16332351727795,Before 1950s
COL,3.9310344827586206,1,0,0,28.616695794357156,1950s
COL,11.10344827586207,2,0,0,35.366305830055964,1950s
COL,18.533333333333335,3,0,0,31.37102400609949,1950s
COL,25.93103448275862,4,0,0,44.483992882128156,1950s
COL,33.54838709677419,5,0,0,46.693678637942725,1950s
COL,40.77777777777778,6,0,0,59.25103273386028,1950s
COL,47.89655172413793,7,0,0,62.394942980299135,1950s
COL,55,8,0,0,65.92906869078428,1950s
COL,61.93103448275862,9,0,0,65.92833255518269,1950s
COL,68.81481481481481,10,0,0,81.44695388435527,1950s
COL,4.069767441860465,1,0,0,29.241427376171995,1960s
COL,11,2,0,0,30.739495825809513,1960s
COL,18.574468085106382,3,0,0,38.95552643748463,1960s
COL,26.048780487804876,4,0,0,45.75376827821278,1960s
COL,33,5,0,0,43.7216560402842,1960s
COL,40,6,0,0,51.06815981757448,1960s
COL,46.97560975609756,7,0,0,53.03046563827731,1960s
COL,54.53191489361702,8,0,0,63.987811632027835,1960s
COL,61.97674418604651,9,0,0,67.556254291679,1960s
COL,68.48648648648648,10,0,0,82.38535476845081,1960s
COL,4.633802816901408,1,0,0,31.17580437982891,1970s
COL,12.48611111111111,2,0,0,36.97120754398007,1970s
COL,20.03174603174603,3,0,0,42.57794640921059,1970s
COL,27.015384615384615,4,0,0,45.024425781584,1970s
COL,33.90769230769231,5,0,0,51.90567755453238,1970s
COL,41.445945945945944,6,0,0,54.7471952727447,1970s
COL,49.015625,7,0,0,56.057648182367046,1970s
COL,55.98412698412698,8,0,0,54.20331237693182,1970s
COL,63.59154929577465,9,0,0,63.51684173596272,1970s
COL,70.88888888888889,10,0,0,82.17023272149694,1970s
COL,4.473684210526316,1,0,0,25.974097047527763,1980s
COL,11.952941176470588,2,0,0,38.71221183231137,1980s
COL,19.4375,3,0,0,43.230151299344975,1980s
COL,27.47872340425532,4,0,0,48.245504567326286,1980s
COL,35.04819277108434,5,0,0,52.55764133010373,1980s
COL,42.43617021276596,6,0,0,55.012127060773516,1980s
COL,49.94047619047619,7,0,0,59.65290269119511,1980s
COL,57.505050505050505,8,0,0,64.23294156989202,1980s
COL,64.97647058823529,9,0,0,76.37495630613452,1980s
COL,71.91666666666667,10,0,0,80.5636162782433,1980s
COL,4.892857142857143,1,0,0,36.040663885662674,1990s
COL,13.492957746478874,2,0,0,50.52179030073876,1990s
COL,21.473684210526315,3,0,0,34.69249585407213,1990s
COL,29.486842105263158,4,0,0,55.86790808454954,1990s
COL,37.52,5,0,0,46.79468314377505,1990s
COL,45.534246575342465,6,0,0,52.54325958572332,1990s
COL,53.567567567567565,7,0,0,59.785083398426316,1990s
COL,61.526315789473685,8,0,0,65.57715892879799,1990s
COL,69.45454545454545,9,0,0,73.91622741786533,1990s
COL,77.2,10,0,0,72.56358519914876,1990s
CRI,4.531914893617022,1,0,0,32.002567096597716,Before 1950s
CRI,12,2,0,0,35.21163321866048,Before 1950s
CRI,18.95,3,0,0,36.88509067790567,Before 1950s
CRI,26.522727272727273,4,0,0,40.418928368098065,Before 1950s
CRI,34,5,0,0,52.059504229540885,Before 1950s
CRI,41.53191489361702,6,0,0,52.84429563030578,Before 1950s
CRI,48.925,7,0,0,54.3204942769331,Before 1950s
CRI,55.926829268292686,8,0,0,54.271235452197445,Before 1950s
CRI,62.95348837209303,9,0,0,64.69347229658945,Before 1950s
CRI,70.09756097560975,10,0,0,78.05191842103592,Before 1950s
CRI,5,1,0,0,23.6246384582433,1950s
CRI,13.30232558139535,2,0,0,38.16514117311373,1950s
CRI,21.943396226415093,3,0,0,39.09406230663061,1950s
CRI,30.5,4,0,0,46.21700724045504,1950s
CRI,38.5,5,0,0,53.90514281262694,1950s
CRI,46.43478260869565,6,0,0,58.37578824760056,1950s
CRI,54.41304347826087,7,0,0,56.48400057801897,1950s
CRI,62.5,8,0,0,56.474607183133394,1950s
CRI,71.06,9,0,0,66.82126102985625,1950s
CRI,79.58695652173913,10,0,0,80.0032900029414,1950s
CRI,5.065573770491803,1,0,0,34.03040209541069,1960s
CRI,13.966666666666667,2,0,0,43.76309625511303,1960s
CRI,22.916666666666668,3,0,0,43.25382013436721,1960s
CRI,32.03174603174603,4,0,0,42.93636745062993,1960s
CRI,40.95161290322581,5,0,0,56.168388648926665,1960s
CRI,49.5,6,0,0,55.96513308070687,1960s
CRI,57.967213114754095,7,0,0,54.29138872004324,1960s
CRI,67.06557377049181,8,0,0,57.87079305548378,1960s
CRI,75.5,9,0,0,68.44458926740057,1960s
CRI,84.11666666666666,10,0,0,73.17450273067456,1960s
CRI,4.971014492753623,1,0,0,31.25078873897459,1970s
CRI,14.029411764705882,2,0,0,31.93115808164064,1970s
CRI,23.085714285714285,3,0,0,46.61045722367493,1970s
CRI,31.939393939393938,4,0,0,48.01267923734143,1970s
CRI,41.014925373134325,5,0,0,50.932462436523586,1970s
CRI,50.130434782608695,6,0,0,53.824094958960075,1970s
CRI,58.516129032258064,7,0,0,61.850557849396985,1970s
CRI,67.56338028169014,8,0,0,59.372387112209275,1970s
CRI,76.56451612903226,9,0,0,65.97196307883011,1970s
CRI,84.83333333333333,10,0,0,78.07597875595228,1970s
CRI,5.438775510204081,1,0,0,32.119076170176854,1980s
CRI,14.573170731707316,2,0,0,36.22450400095581,1980s
CRI,23.541666666666668,3,0,0,44.367313492218074,1980s
CRI,33.064516129032256,4,0,0,49.31290078988152,1980s
CRI,41.506024096385545,5,0,0,52.77198253565887,1980s
CRI,49.891304347826086,6,0,0,49.3234557983436,1980s
CRI,59,7,0,0,60.803325150099504,1980s
CRI,68.05434782608695,8,0,0,57.001282179903676,1980s
CRI,77.01086956521739,9,0,0,68.77037777023638,1980s
CRI,85.42682926829268,10,0,0,76.01758504691506,1980s
CRI,4.958904109589041,1,0,0,36.26928341687516,1990s
CRI,13.971830985915492,2,0,0,43.65322169743963,1990s
CRI,23.71232876712329,3,0,0,46.29626061984231,1990s
CRI,33.12676056338028,4,0,0,46.16943062643806,1990s
CRI,42.02857142857143,5,0,0,52.16066843574036,1990s
CRI,51.07142857142857,6,0,0,55.54053097254328,1990s
CRI,60.027027027027025,7,0,0,51.571029190918935,1990s
CRI,68.98591549295774,8,0,0,56.3207771516283,1990s
CRI,77.89855072463769,9,0,0,66.26151558761282,1990s
CRI,86.95714285714286,10,0,0,74.59264687027473,1990s
DOM,4.382352941176471,1,0,0,29.401208528363917,Before 1950s
DOM,11.935483870967742,2,0,0,30.97632634988498,Before 1950s
DOM,18.93548387096774,3,0,0,33.342959720519545,Before 1950s
DOM,25.96875,4,0,0,46.80718386282667,Before 1950s
DOM,32.9375,5,0,0,52.426890841925946,Before 1950s
DOM,40.3235294117647,6,0,0,45.2155441169206,Before 1950s
DOM,48.064516129032256,7,0,0,60.30027676583354,Before 1950s
DOM,54.535714285714285,8,0,0,67.50841024240762,Before 1950s
DOM,61.09375,9,0,0,65.89790352360193,Before 1950s
DOM,67.86666666666666,10,0,0,86.29568350075552,Before 1950s
DOM,4.54054054054054,1,0,0,31.366419068560337,1950s
DOM,12.513513513513514,2,0,0,29.67476500907055,1950s
DOM,20.594594594594593,3,0,0,44.071154516211564,1950s
DOM,27.93548387096774,4,0,0,46.670654090790734,1950s
DOM,35.52777777777778,5,0,0,44.9064251405331,1950s
DOM,43.47222222222222,6,0,0,57.059910426367814,1950s
DOM,51.5,7,0,0,54.59559781841651,1950s
DOM,59,8,0,0,55.1826297632635,1950s
DOM,66.54054054054055,9,0,0,49.4739095287545,1950s
DOM,74.15151515151516,10,0,0,70.40170935364094,1950s
DOM,4.490196078431373,1,0,0,37.47110511356479,1960s
DOM,12.520833333333334,2,0,0,28.05581652227172,1960s
DOM,20.49019607843137,3,0,0,35.95159294730468,1960s
DOM,28.045454545454547,4,0,0,43.68653445094148,1960s
DOM,35.57142857142857,5,0,0,46.32927097636129,1960s
DOM,43.46,6,0,0,55.51192373464945,1960s
DOM,51.470588235294116,7,0,0,51.21995374408883,1960s
DOM,59.520833333333336,8,0,0,58.5284516924285,1960s
DOM,67.5625,9,0,0,59.676661450075024,1960s
DOM,75.09302325581395,10,0,0,80.46206294869924,1960s
DOM,4.423076923076923,1,0,0,32.488970124517564,1970s
DOM,12.5,2,0,0,40.76252529229863,1970s
DOM,20.544303797468356,3,0,0,51.38984514116239,1970s
DOM,28,4,0,0,49.60885969681422,1970s
DOM,35.44303797468354,5,0,0,53.696757030907165,1970s
DOM,43.48101265822785,6,0,0,52.98318278129279,1970s
DOM,51.04347826086956,7,0,0,58.82873431778604,1970s
DOM,58.48684210526316,8,0,0,61.894636782692906,1970s
DOM,66.47435897435898,9,0,0,67.37080833993392,1970s
DOM,74.15277777777777,10,0,0,78.7028018087578,1970s
DOM,4.924731182795699,1,0,0,40.88954010857485,1980s
DOM,13.481927710843374,2,0,0,48.79942122242084,1980s
DOM,21.475609756097562,3,0,0,46.11839256792722,1980s
DOM,29.93548387096774,4,0,0,55.36091735581938,1980s
DOM,38.45783132530121,5,0,0,53.63719128533807,1980s
DOM,46.51807228915663,6,0,0,53.57922410555158,1980s
DOM,54.493975903614455,7,0,0,61.2222740498108,1980s
DOM,62.493975903614455,8,0,0,59.389835150738975,1980s
DOM,71.02197802197803,9,0,0,69.83216638006945,1980s
DOM,79.35443037974683,10,0,0,83.97272400358906,1980s
DOM,4.988235294117647,1,0,0,38.04224517675723,1990s
DOM,13.506666666666666,2,0,0,42.045750589545065,1990s
DOM,21.96385542168675,3,0,0,57.63283048107395,1990s
DOM,30.533333333333335,4,0,0,45.945535491688986,1990s
DOM,39,5,0,0,53.63462478393344,1990s
DOM,47.46666666666667,6,0,0,57.87821948270523,1990s
DOM,55.988235294117644,7,0,0,64.62393448736427,1990s
DOM,64.45945945945945,8,0,0,69.28667262140482,1990s
DOM,72.97590361445783,9,0,0,70.11764599158502,1990s
DOM,81.28169014084507,10,0,0,75.26655632874403,1990s
ECU,4.090909090909091,1,0,0,30.988521788762966,Before 1950s
ECU,11,2,0,0,43.1951477313489,Before 1950s
ECU,18,3,0,0,44.28391890757107,Before 1950s
ECU,25,4,0,0,33.83952429161008,Before 1950s
ECU,32.13636363636363,5,0,0,44.23481148052053,Before 1950s
ECU,39,6,0,0,48.708447223300595,Before 1950s
ECU,45.45,7,0,0,54.702069900073695,Before 1950s
ECU,52.130434782608695,8,0,0,69.22944523385321,Before 1950s
ECU,59.2,9,0,0,76.23439047821674,Before 1950s
ECU,65.75,10,0,0,80.78206735381616,Before 1950s
ECU,4.5,1,0,0,25.05289097834792,1950s
ECU,12,2,0,0,39.419382410723934,1950s
ECU,19.384615384615383,3,0,0,36.578521224434645,1950s
ECU,26.970588235294116,4,0,0,36.07404375407326,1950s
ECU,34,5,0,0,44.733133237698304,1950s
ECU,41.029411764705884,6,0,0,54.993105130795556,1950s
ECU,48.53846153846154,7,0,0,58.56204562978484,1950s
ECU,56,8,0,0,69.04439293036761,1950s
ECU,63,9,0,0,67.78471482451596,1950s
ECU,69.71875,10,0,0,80.33039292143312,1950s
ECU,4.4655172413793105,1,0,0,29.093760602784357,1960s
ECU,12.061224489795919,2,0,0,41.27636134254303,1960s
ECU,19.5,3,0,0,34.231386613154875,1960s
ECU,26.96,4,0,0,45.328269193741484,1960s
ECU,34.1,5,0,0,50.521134927160446,1960s
ECU,41,6,0,0,50.90237410020035,1960s
ECU,48.50877192982456,7,0,0,52.81728279889522,1960s
ECU,56.02,8,0,0,58.28073327182299,1960s
ECU,63,9,0,0,63.655505829826915,1960s
ECU,70.03921568627452,10,0,0,74.87270805179351,1960s
ECU,4.506849315068493,1,0,0,24.581560355887227,1970s
ECU,12.45945945945946,2,0,0,36.92515998772582,1970s
ECU,19.984126984126984,3,0,0,47.03961833084995,1970s
ECU,27.486486486486488,4,0,0,47.834789769559,1970s
ECU,34.984375,5,0,0,45.657113164220284,1970s
ECU,42.47945205479452,6,0,0,52.118811557663946,1970s
ECU,50.534246575342465,7,0,0,60.13473947572088,1970s
ECU,57.96875,8,0,0,56.228357121268985,1970s
ECU,65.48648648648648,9,0,0,68.19819016832398,1970s
ECU,73.01587301587301,10,0,0,76.08213381964995,1970s
ECU,4.569767441860465,1,0,0,30.997611009574847,1980s
ECU,12.517241379310345,2,0,0,37.78345020738742,1980s
ECU,20.039473684210527,3,0,0,41.83635104427107,1980s
ECU,27.476744186046513,4,0,0,41.230623313450906,1980s
ECU,35.46511627906977,5,0,0,47.243152827955775,1980s
ECU,43.01315789473684,6,0,0,51.86720983725335,1980s
ECU,50.45454545454545,7,0,0,56.16012297866594,1980s
ECU,57.97435897435897,8,0,0,59.30311071172632,1980s
ECU,65.03896103896103,9,0,0,69.5644354621196,1980s
ECU,72.35802469135803,10,0,0,77.89062433306567,1980s
ECU,4.988095238095238,1,0,0,29.397796594792176,1990s
ECU,13.472972972972974,2,0,0,51.40016043966207,1990s
ECU,21.506666666666668,3,0,0,40.30626605417932,1990s
ECU,29.56578947368421,4,0,0,51.513345523951656,1990s
ECU,38,5,0,0,62.15520569274637,1990s
ECU,46.51315789473684,6,0,0,53.970805419778905,1990s
ECU,54.445945945945944,7,0,0,55.27427575076976,1990s
ECU,62.5,8,0,0,66.2448069688649,1990s
ECU,70.46052631578948,9,0,0,66.60566559947365,1990s
ECU,78.55263157894737,10,0,0,71.7272320641992,1990s
GRE,3.2,1,0,0,30.97972972972973,Before 1950s
GRE,8.75,2,0,0,48.74493243243243,Before 1950s
GRE,14,3,0,0,36.739864864864856,Before 1950s
GRE,21,4,0,0,56.18783783783784,Before 1950s
GRE,26.75,5,0,0,70.9847972972973,Before 1950s
GRE,32,6,0,0,49.24493243243243,Before 1950s
GRE,37.6,7,0,0,48.987837837837844,Before 1950s
GRE,43.5,8,0,0,78.48986486486486,Before 1950s
GRE,48.75,9,0,0,71.74493243243244,Before 1950s
GRE,53.75,10,0,0,54.47972972972974,Before 1950s
GRE,3.5,1,0,0,36.160000000000004,1950s
GRE,10,2,0,0,24.648,1950s
GRE,16,3,0,0,42.943999999999996,1950s
GRE,22.166666666666668,4,0,0,68.45333333333333,1950s
GRE,30,5,0,0,60.143999999999984,1950s
GRE,35.8,6,0,0,40.696,1950s
GRE,41.5,7,0,0,71.20000000000002,1950s
GRE,49,8,0,0,61.54399999999999,1950s
GRE,54.2,9,0,0,65.496,1950s
GRE,60,10,0,0,76.344,1950s
GRE,3.625,1,0,0,31.235122210414453,1960s
GRE,10.285714285714286,2,0,0,42.982996811902225,1960s
GRE,17,3,0,0,20.48140276301807,1960s
GRE,23.857142857142858,4,0,0,45.12585395475937,1960s
GRE,30.88888888888889,5,0,0,33.99008147360964,1960s
GRE,38,6,0,0,62.41581903749811,1960s
GRE,44.142857142857146,7,0,0,71.56717777440414,1960s
GRE,50.57142857142857,8,0,0,50.84013966904509,1960s
GRE,57.25,9,0,0,65.49256110520723,1960s
GRE,64.14285714285714,10,0,0,76.7015333232124,1960s
GRE,4,1,0,0,31.121248879300822,1970s
GRE,11.153846153846153,2,0,0,41.120718438305794,1970s
GRE,18.428571428571427,3,0,0,36.264106022157975,1970s
GRE,26.076923076923077,4,0,0,27.61894049733207,1970s
GRE,33.38461538461539,5,0,0,48.003555881947456,1970s
GRE,41.5,6,0,0,56.41941824198315,1970s
GRE,48.92307692307692,7,0,0,66.9901427221357,1970s
GRE,56.333333333333336,8,0,0,60.948039836191306,1970s
GRE,63.5,9,0,0,88.32265461564705,1970s
GRE,70.23076923076923,10,0,0,83.9534591246479,1970s
GRE,4.428571428571429,1,0,0,24.436476292048116,1980s
GRE,12.5,2,0,0,43.63745015997577,1980s
GRE,20,3,0,0,36.42435195060233,1980s
GRE,27.45,4,0,0,54.61106680886734,1980s
GRE,35.526315789473685,5,0,0,61.24703521869359,1980s
GRE,43.6,6,0,0,62.7638335110842,1980s
GRE,52.23809523809524,7,0,0,52.607095390453146,1980s
GRE,60.166666666666664,8,0,0,63.20520384195437,1980s
GRE,67.6,9,0,0,78.66660021330102,1980s
GRE,75.36842105263158,10,0,0,76.5189300677994,1980s
GRE,5,1,0,0,30.808206108899313,1990s
GRE,13.473684210526315,2,0,0,24.848791828176996,1990s
GRE,21.42105263157895,3,0,0,42.04041712248859,1990s
GRE,29.75,4,0,0,57.48066044394028,1990s
GRE,39,5,0,0,44.22044029596018,1990s
GRE,47.36842105263158,6,0,0,54.62343597639606,1990s
GRE,55.31578947368421,7,0,0,61.26577297426967,1990s
GRE,64.05263157894737,8,0,0,64.12677925890544,1990s
GRE,73.0909090909091,9,0,0,83.60597489522567,1990s
GRE,81.29411764705883,10,0,0,92.02404740701198,1990s
GTM,4,1,0,0,31.3456726144506,Before 1950s
GTM,11.136363636363637,2,0,0,31.85352988095569,Before 1950s
GTM,18.64,3,0,0,33.51955433091532,Before 1950s
GTM,26.136363636363637,4,0,0,46.23007461099324,Before 1950s
GTM,33.13636363636363,5,0,0,33.57294748316753,Before 1950s
GTM,40.43478260869565,6,0,0,52.07232165192967,Before 1950s
GTM,48.04347826086956,7,0,0,53.35861011379819,Before 1950s
GTM,55.13636363636363,8,0,0,64.46547305918499,Before 1950s
GTM,62,9,0,0,71.16595920355861,Before 1950s
GTM,69.31818181818181,10,0,0,75.27502384929265,Before 1950s
GTM,4.393939393939394,1,0,0,24.11743082181833,1950s
GTM,12,2,0,0,29.39825355905784,1950s
GTM,19.4375,3,0,0,38.26367526750007,1950s
GTM,27,4,0,0,36.20105534224498,1950s
GTM,33.92857142857143,5,0,0,37.606710106370144,1950s
GTM,41.4,6,0,0,41.04836800628582,1950s
GTM,49.61290322580645,7,0,0,51.26421010224691,1950s
GTM,57.06896551724138,8,0,0,50.5986030684525,1950s
GTM,64.58064516129032,9,0,0,59.187627730575365,1950s
GTM,72.35714285714286,10,0,0,73.30589164946656,1950s
GTM,4.5,1,0,0,26.834568925996617,1960s
GTM,12.081632653061224,2,0,0,29.921866994416796,1960s
GTM,19.527272727272727,3,0,0,29.74110663725845,1960s
GTM,27.482142857142858,4,0,0,37.6547359119446,1960s
GTM,35.04,5,0,0,42.518299865353804,1960s
GTM,42.40384615384615,6,0,0,48.811329318538014,1960s
GTM,50.67272727272727,7,0,0,55.54321489240643,1960s
GTM,58.04,8,0,0,57.110200795436896,1960s
GTM,65,9,0,0,68.72042962601988,1960s
GTM,72.0204081632653,10,0,0,74.51672576228822,1960s
GTM,4.518987341772152,1,0,0,23.604415637649623,1970s
GTM,12.435897435897436,2,0,0,28.124925344507723,1970s
GTM,20.545454545454547,3,0,0,32.652491527535574,1970s
GTM,28.042857142857144,4,0,0,43.79691500533797,1970s
GTM,35.55128205128205,5,0,0,43.94701833247539,1970s
GTM,43.01428571428571,6,0,0,41.226352498532144,1970s
GTM,50.45569620253165,7,0,0,51.59494626573024,1970s
GTM,58.32,8,0,0,59.90470620847515,1970s
GTM,66.51282051282051,9,0,0,67.6024434250627,1970s
GTM,73.88235294117646,10,0,0,75.76981857519878,1970s
GTM,4.970873786407767,1,0,0,27.71244771873459,1980s
GTM,13.477777777777778,2,0,0,27.033704425135895,1980s
GTM,21.48913043478261,3,0,0,35.781478064806386,1980s
GTM,29.60674157303371,4,0,0,48.24756627260933,1980s
GTM,37.516129032258064,5,0,0,52.14170705120159,1980s
GTM,45.522222222222226,6,0,0,43.37010525016968,1980s
GTM,53.46236559139785,7,0,0,63.49920973623899,1980s
GTM,61.46236559139785,8,0,0,58.45257643140636,1980s
GTM,69.53260869565217,9,0,0,68.41844530334298,1980s
GTM,77.39772727272727,10,0,0,77.93681254680978,1980s
GTM,4.951219512195122,1,0,0,31.938053202168817,1990s
GTM,13.450704225352112,2,0,0,31.84307105586918,1990s
GTM,21.424657534246574,3,0,0,48.975772135670034,1990s
GTM,30,4,0,0,45.75246795396649,1990s
GTM,38.52054794520548,5,0,0,53.36322152709931,1990s
GTM,46.563380281690144,6,0,0,59.76494447244133,1990s
GTM,54.45205479452055,7,0,0,53.38627453583683,1990s
GTM,63.135802469135804,8,0,0,60.36034155033354,1990s
GTM,71.04545454545455,9,0,0,65.29159551031718,1990s
GTM,78.43243243243244,10,0,0,69.73700694525584,1990s
GUY,3,1,0,0,14.715488747943256,Before 1950s
GUY,8,2,0,0,42.076882291488594,Before 1950s
GUY,13.166666666666666,3,0,0,40.53078192353573,Before 1950s
GUY,18.05263157894737,4,0,0,35.502708171988765,Before 1950s
GUY,23.11111111111111,5,0,0,29.069392151374622,Before 1950s
GUY,27.4,6,0,0,48.70129252031581,Before 1950s
GUY,32,7,0,0,58.41796592846137,Before 1950s
GUY,36.5,8,0,0,75.8575294330842,Before 1950s
GUY,41.05263157894737,9,0,0,64.13178503429725,Before 1950s
GUY,45.5625,10,0,0,77.24218565963825,Before 1950s
GUY,3.5,1,0,0,36.55453534497378,1950s
GUY,9.483870967741936,2,0,0,44.10678254911589,1950s
GUY,15,3,0,0,32.40700180680397,1950s
GUY,20.545454545454547,4,0,0,42.0676688093049,1950s
GUY,26,5,0,0,50.96202585820364,1950s
GUY,31,6,0,0,63.78733494782602,1950s
GUY,36.5,7,0,0,51.48486297637079,1950s
GUY,42,8,0,0,60.965805133063874,1950s
GUY,47,9,0,0,59.70188533336185,1950s
GUY,52.266666666666666,10,0,0,70.43890655806207,1950s
GUY,3.466666666666667,1,0,0,26.743500367246202,1960s
GUY,9.027027027027026,2,0,0,29.56276519073505,1960s
GUY,14.027027027027026,3,0,0,37.28647059999641,1960s
GUY,19,4,0,0,37.48890976873911,1960s
GUY,24.477272727272727,5,0,0,43.27446530659122,1960s
GUY,30,6,0,0,45.97131524874428,1960s
GUY,34.970588235294116,7,0,0,60.5012839275573,1960s
GUY,40.54545454545455,8,0,0,57.651527130265826,1960s
GUY,46.02777777777778,9,0,0,61.37121880004273,1960s
GUY,50.73529411764706,10,0,0,63.80256391515257,1960s
GUY,3.45,1,0,0,29.70757446992714,1970s
GUY,9.53225806451613,2,0,0,31.697682920173598,1970s
GUY,15.524590163934427,3,0,0,45.809418903106184,1970s
GUY,21.01923076923077,4,0,0,48.58074074485356,1970s
GUY,26.483333333333334,5,0,0,56.86347086108288,1970s
GUY,32.50819672131148,6,0,0,52.677023903693524,1970s
GUY,37.96153846153846,7,0,0,67.3687757780585,1970s
GUY,43.5,8,0,0,57.635684772186934,1970s
GUY,49.42372881355932,9,0,0,66.81693133926989,1970s
GUY,54.9811320754717,10,0,0,73.18421414090655,1970s
GUY,4,1,0,0,28.714280809646606,1980s
GUY,10.542372881355933,2,0,0,41.038834356528426,1980s
GUY,16.508196721311474,3,0,0,41.78166317537417,1980s
GUY,22.55,4,0,0,60.26135762039218,1980s
GUY,28.533333333333335,5,0,0,52.30898568627876,1980s
GUY,34.5,6,0,0,51.68461738397342,1980s
GUY,40.5,7,0,0,61.96050701120472,1980s
GUY,46.47540983606557,8,0,0,67.4124759393593,1980s
GUY,52.5,9,0,0,69.79697078832204,1980s
GUY,58.30357142857143,10,0,0,74.08656685558915,1980s
GUY,3.984126984126984,1,0,0,37.426302205753274,1990s
GUY,11.078125,2,0,0,43.30925703315335,1990s
GUY,17.509090909090908,3,0,0,56.47821758650271,1990s
GUY,24.015384615384615,4,0,0,41.64657736997706,1990s
GUY,31.047619047619047,5,0,0,55.08526942525079,1990s
GUY,37.527272727272724,6,0,0,56.98640833480618,1990s
GUY,44.03076923076923,7,0,0,57.71814091821533,1990s
GUY,50.5,8,0,0,67.32863860488375,1990s
GUY,56.97014925373134,9,0,0,67.77197582626627,1990s
GUY,63.37735849056604,10,0,0,78.32599287738765,1990s
HND,3.9655172413793105,1,0,0,34.42872991752964,Before 1950s
HND,10.928571428571429,2,0,0,39.325972746640694,Before 1950s
HND,18.322580645161292,3,0,0,43.30873322220062,Before 1950s
HND,25.916666666666668,4,0,0,49.90485966823289,Before 1950s
HND,33.275862068965516,5,0,0,54.26508070264375,Before 1950s
HND,41.392857142857146,6,0,0,52.14505717397925,Before 1950s
HND,49.333333333333336,7,0,0,62.08096488513847,Before 1950s
HND,57,8,0,0,58.85912885971987,Before 1950s
HND,64.64285714285714,9,0,0,67.96469331361975,Before 1950s
HND,72.23076923076923,10,0,0,77.21515494759628,Before 1950s
HND,3.948717948717949,1,0,0,31.276715337306157,1950s
HND,10.891891891891891,2,0,0,38.55175857134506,1950s
HND,18,3,0,0,38.15808137738683,1950s
HND,25.08823529411765,4,0,0,43.33041766116688,1950s
HND,32.486486486486484,5,0,0,53.404084939627424,1950s
HND,40.56410256410256,6,0,0,42.57341822756029,1950s
HND,48,7,0,0,58.949115380805864,1950s
HND,55.09090909090909,8,0,0,59.50874082690268,1950s
HND,62.333333333333336,9,0,0,70.09534917309854,1950s
HND,69.78787878787878,10,0,0,76.07127589001816,1950s
HND,3.982142857142857,1,0,0,31.703063924238396,1960s
HND,11.5,2,0,0,32.40699096064628,1960s
HND,19.527272727272727,3,0,0,46.828387311605844,1960s
HND,27,4,0,0,45.70920994726169,1960s
HND,34.517857142857146,5,0,0,48.01358974819064,1960s
HND,41.82692307692308,6,0,0,54.01306494571924,1960s
HND,49.5,7,0,0,62.65389363174781,1960s
HND,57.589285714285715,8,0,0,60.089548434144966,1960s
HND,65.53703703703704,9,0,0,73.71064056982446,1960s
HND,72.87234042553192,10,0,0,79.17162427933597,1960s
HND,4.093333333333334,1,0,0,34.275703286485935,1970s
HND,11.519480519480519,2,0,0,34.400627416086266,1970s
HND,19.54794520547945,3,0,0,35.65403474130243,1970s
HND,27.617283950617285,4,0,0,46.39908445874663,1970s
HND,35.04477611940298,5,0,0,54.485544541173724,1970s
HND,42.52,6,0,0,53.61314543081395,1970s
HND,50.51315789473684,7,0,0,60.23409858983369,1970s
HND,58.43589743589744,8,0,0,62.94437400922278,1970s
HND,66.45333333333333,9,0,0,68.13887700959194,1970s
HND,73.84848484848484,10,0,0,78.803525811693,1970s
HND,4.402061855670103,1,0,0,31.608297807587796,1980s
HND,12.522727272727273,2,0,0,37.614814457425574,1980s
HND,20.630434782608695,3,0,0,41.93866263584145,1980s
HND,28.4,4,0,0,43.626170440714894,1980s
HND,36.59090909090909,5,0,0,51.90188185581154,1980s
HND,44.69230769230769,6,0,0,52.990241275042195,1980s
HND,52.51111111111111,7,0,0,61.899589923271705,1980s
HND,60.49438202247191,8,0,0,67.9406379742934,1980s
HND,68.5111111111111,9,0,0,71.67612243969978,1980s
HND,76,10,0,0,83.73103937039481,1980s
HND,4.325581395348837,1,0,0,32.28039668592204,1990s
HND,12.103896103896103,2,0,0,36.17896046189347,1990s
HND,19.402439024390244,3,0,0,44.06537059861121,1990s
HND,27.5,4,0,0,48.19725381127038,1990s
HND,35.45783132530121,5,0,0,50.93307096989971,1990s
HND,43.41975308641975,6,0,0,60.312540287704266,1990s
HND,51.5125,7,0,0,55.312195045179045,1990s
HND,59.525,8,0,0,63.58632022769001,1990s
HND,67.525,9,0,0,72.9184940798461,1990s
HND,74.9,10,0,0,75.77191308883866,1990s
HTI,3.7142857142857144,1,0,0,38.976525990746794,Before 1950s
HTI,11.176470588235293,2,0,0,36.475119005771894,Before 1950s
HTI,17.88888888888889,3,0,0,20.608181159681564,Before 1950s
HTI,25.4,4,0,0,31.89239347844376,Before 1950s
HTI,33.05263157894737,5,0,0,41.288090231020384,Before 1950s
HTI,39.05263157894737,6,0,0,49.29745357075689,Before 1950s
HTI,43.64705882352941,7,0,0,54.04137489694095,Before 1950s
HTI,49.611111111111114,8,0,0,63.28894077859205,Before 1950s
HTI,56.25,9,0,0,72.00433143906211,Before 1950s
HTI,62.3125,10,0,0,85.1030820967301,Before 1950s
HTI,3.774193548387097,1,0,0,32.01756985395975,1950s
HTI,11,2,0,0,35.52628552731417,1950s
HTI,17.896551724137932,3,0,0,37.680551543613646,1950s
HTI,25.035714285714285,4,0,0,35.98136084058429,1950s
HTI,30.384615384615383,5,0,0,36.14036739975673,1950s
HTI,34.96875,6,0,0,29.369446461746815,1950s
HTI,40.035714285714285,7,0,0,56.97336777321646,1950s
HTI,45.714285714285715,8,0,0,63.179201136559826,1950s
HTI,51.69230769230769,9,0,0,73.1392745993309,1950s
HTI,57.464285714285715,10,0,0,83.49091966357234,1950s
HTI,3.9402985074626864,1,0,0,29.50965696962654,1960s
HTI,11,2,0,0,26.274535024396382,1960s
HTI,18.131147540983605,3,0,0,30.24903615261645,1960s
HTI,23.944444444444443,4,0,0,39.38813156586565,1960s
HTI,29.09433962264151,5,0,0,35.48337580179069,1960s
HTI,34.796875,6,0,0,50.77564761225937,1960s
HTI,41.698113207547166,7,0,0,52.606548848223746,1960s
HTI,47.857142857142854,8,0,0,62.78875150444392,1960s
HTI,54.471698113207545,9,0,0,75.46672145034711,1960s
HTI,60.50877192982456,10,0,0,78.26677037453815,1960s
HTI,4.494252873563219,1,0,0,31.30569053483261,1970s
HTI,12.5,2,0,0,25.453238468193888,1970s
HTI,19.725,3,0,0,35.911538838644624,1970s
HTI,24.876712328767123,4,0,0,41.691612412835724,1970s
HTI,30.738095238095237,5,0,0,48.21087151854779,1970s
HTI,38.243589743589745,6,0,0,41.57529236243906,1970s
HTI,44.795180722891565,7,0,0,59.19608862843026,1970s
HTI,52.38095238095238,8,0,0,59.78600755836375,1970s
HTI,58.37662337662338,9,0,0,72.6797007883415,1970s
HTI,64.22857142857143,10,0,0,72.7170274877751,1970s
HTI,3.893617021276596,1,0,0,29.71072536275425,1980s
HTI,11.607843137254902,2,0,0,34.344787831116335,1980s
HTI,18.022988505747126,3,0,0,46.53247777722673,1980s
HTI,23.354166666666668,4,0,0,41.25136647391368,1980s
HTI,30.03488372093023,5,0,0,45.94890243068933,1980s
HTI,36.302083333333336,6,0,0,53.98073855691018,1980s
HTI,43.0722891566265,7,0,0,55.09987865431072,1980s
HTI,49.45454545454545,8,0,0,60.40985515946101,1980s
HTI,55.78260869565217,9,0,0,75.88932100154445,1980s
HTI,61.154761904761905,10,0,0,73.41934648370004,1980s
HTI,5.065789473684211,1,0,0,26.59274044254282,1990s
HTI,13.82716049382716,2,0,0,37.60274018271596,1990s
HTI,21.27027027027027,3,0,0,41.82078664878718,1990s
HTI,29.73972602739726,4,0,0,42.64981928201049,1990s
HTI,36.93589743589744,5,0,0,50.76550514865119,1990s
HTI,44.96296296296296,6,0,0,55.942731317264865,1990s
HTI,51.68493150684932,7,0,0,64.15457210398463,1990s
HTI,59.35064935064935,8,0,0,64.41524428777825,1990s
HTI,65.3157894736842,9,0,0,66.96883917337456,1990s
HTI,71.43283582089552,10,0,0,77.20954648369592,1990s
JAM,2.5,1,0,0,43.53649754570975,Before 1950s
JAM,6.5,2,0,0,50.21137114532728,Before 1950s
JAM,11.105263157894736,3,0,0,53.28304336450519,Before 1950s
JAM,15.4,4,0,0,70.38492256797657,Before 1950s
JAM,19.466666666666665,5,0,0,56.3239880384925,Before 1950s
JAM,23.4,6,0,0,69.38589777950517,Before 1950s
JAM,27.5,7,0,0,45.235864907478046,Before 1950s
JAM,31.94736842105263,8,0,0,62.6863113913304,Before 1950s
JAM,36.5,9,0,0,77.41639703229735,Before 1950s
JAM,40,10,0,0,79.13258374222914,Before 1950s
JAM,2.9047619047619047,1,0,0,40.17380316852391,1950s
JAM,7.904761904761905,2,0,0,35.43400534669505,1950s
JAM,13,3,0,0,52.80770436729107,1950s
JAM,18.095238095238095,4,0,0,57.37364412635074,1950s
JAM,23,5,0,0,40.74808958565562,1950s
JAM,27.904761904761905,6,0,0,52.94987921931093,1950s
JAM,33,7,0,0,59.31145367790157,1950s
JAM,37.529411764705884,8,0,0,57.37635614448219,1950s
JAM,42.095238095238095,9,0,0,66.3903400780732,1950s
JAM,46.89473684210526,10,0,0,77.33038147430022,1950s
JAM,2.9444444444444446,1,0,0,44.925019132158724,1960s
JAM,7.972222222222222,2,0,0,49.4825166248936,1960s
JAM,13.027777777777779,3,0,0,42.26114468688074,1960s
JAM,18,4,0,0,60.16484629014117,1960s
JAM,22.942857142857143,5,0,0,57.329033079275895,1960s
JAM,27.97222222222222,6,0,0,68.20553379717433,1960s
JAM,32.48275862068966,7,0,0,61.53487120826489,1960s
JAM,37.05555555555556,8,0,0,53.01057742680198,1960s
JAM,42,9,0,0,66.0795562624271,1960s
JAM,46.645161290322584,10,0,0,76.54854737919104,1960s
JAM,3.4464285714285716,1,0,0,49.59353360811903,1970s
JAM,9.043478260869565,2,0,0,52.95914607140222,1970s
JAM,14,3,0,0,49.78207697204193,1970s
JAM,19,4,0,0,63.40684205710266,1970s
JAM,24.08695652173913,5,0,0,46.4042906398847,1970s
JAM,29.02173913043478,6,0,0,52.69544853767561,1970s
JAM,34.5,7,0,0,60.94602200160558,1970s
JAM,39.97872340425532,8,0,0,62.06998266147986,1970s
JAM,45,9,0,0,61.77474187511559,1970s
JAM,49.7,10,0,0,79.10742270336239,1970s
JAM,3.462686567164179,1,0,0,39.45201320379816,1980s
JAM,9.485294117647058,2,0,0,51.569138009360124,1980s
JAM,15.5,3,0,0,51.42740366996625,1980s
JAM,21.507462686567163,4,0,0,48.43417495034847,1980s
JAM,26.982142857142858,5,0,0,57.44065222657632,1980s
JAM,32.46969696969697,6,0,0,52.758566744843435,1980s
JAM,38.51470588235294,7,0,0,56.89536868540361,1980s
JAM,44.529411764705884,8,0,0,61.82637401951286,1980s
JAM,50.01754385964912,9,0,0,69.21725442023822,1980s
JAM,55.32258064516129,10,0,0,69.32157509185483,1980s
JAM,3.9523809523809526,1,0,0,33.94658012181949,1990s
JAM,10.454545454545455,2,0,0,50.55238395461507,1990s
JAM,16.92063492063492,3,0,0,45.025768248823255,1990s
JAM,23.5,4,0,0,52.75629012929454,1990s
JAM,30.03174603174603,5,0,0,50.6948412457523,1990s
JAM,36.5,6,0,0,54.60541770310013,1990s
JAM,42.984375,7,0,0,59.7808347935642,1990s
JAM,49.50909090909091,8,0,0,64.0050565062861,1990s
JAM,56.064516129032256,9,0,0,71.31581408802602,1990s
JAM,62.35294117647059,10,0,0,73.09887295826499,1990s
MEX,4.074074074074074,1,0,0,45.19567477476545,Before 1950s
MEX,10.928571428571429,2,0,0,34.529208452062356,Before 1950s
MEX,17.964285714285715,3,0,0,36.87372634490798,Before 1950s
MEX,25.08,4,0,0,37.85752413959982,Before 1950s
MEX,32.370370370370374,5,0,0,44.515591905228014,Before 1950s
MEX,40.07692307692308,6,0,0,54.720345845365635,Before 1950s
MEX,46.81481481481482,7,0,0,53.46044425059346,Before 1950s
MEX,53.52,8,0,0,64.19468009832255,Before 1950s
MEX,60,9,0,0,77.75036907938208,Before 1950s
MEX,66.52,10,0,0,85.38675348055034,Before 1950s
MEX,4.03125,1,0,0,32.366227603033394,1950s
MEX,11.129032258064516,2,0,0,34.759537109655525,1950s
MEX,17.53846153846154,3,0,0,47.02843594192831,1950s
MEX,25.137931034482758,4,0,0,36.69207969600157,1950s
MEX,33.354838709677416,5,0,0,41.01741593631943,1950s
MEX,40.892857142857146,6,0,0,45.18842829963695,1950s
MEX,48.12903225806452,7,0,0,54.63480553745668,1950s
MEX,54.8,8,0,0,64.5098896201605,1950s
MEX,61.45454545454545,9,0,0,70.0058532877827,1950s
MEX,68.04,10,0,0,73.09711416338342,1950s
MEX,4.649122807017544,1,0,0,31.100541666190686,1960s
MEX,11.941176470588236,2,0,0,43.60952168960985,1960s
MEX,19.553571428571427,3,0,0,43.30135520258178,1960s
MEX,27.75925925925926,4,0,0,47.460901150973235,1960s
MEX,35.111111111111114,5,0,0,51.28914061664873,1960s
MEX,42.43103448275862,6,0,0,60.29927210603001,1960s
MEX,49.86274509803921,7,0,0,56.046720386184035,1960s
MEX,56.84905660377358,8,0,0,64.23647530923444,1960s
MEX,64.51666666666667,9,0,0,70.50318719042372,1960s
MEX,71.45652173913044,10,0,0,76.67469975984575,1960s
MEX,5.0606060606060606,1,0,0,35.006416644098735,1970s
MEX,14.031746031746032,2,0,0,37.397518228122884,1970s
MEX,22.476190476190474,3,0,0,37.840209995915586,1970s
MEX,30.051724137931036,4,0,0,48.89648443323588,1970s
MEX,37.42857142857143,5,0,0,49.501014543483244,1970s
MEX,45.53968253968254,6,0,0,51.22794446608905,1970s
MEX,53.53030303030303,7,0,0,57.877615420104654,1970s
MEX,61.58064516129032,8,0,0,64.8753329817447,1970s
MEX,69.5625,9,0,0,62.286295311810086,1970s
MEX,76.62962962962963,10,0,0,83.25307857370225,1970s
MEX,4.988505747126437,1,0,0,26.77246971780325,1980s
MEX,13.64102564102564,2,0,0,34.336421872740594,1980s
MEX,20.985294117647058,3,0,0,38.90388194079621,1980s
MEX,29.19277108433735,4,0,0,54.11542499382944,1980s
MEX,37.6375,5,0,0,51.24071320082697,1980s
MEX,45.04347826086956,6,0,0,52.87374037923995,1980s
MEX,52.57831325301205,7,0,0,59.87400090698558,1980s
MEX,60.041666666666664,8,0,0,62.81268833280241,1980s
MEX,67.57831325301204,9,0,0,70.10009081823601,1980s
MEX,75,10,0,0,81.87051608186368,1980s
MEX,5.17910447761194,1,0,0,29.336425501699363,1990s
MEX,14.37704918032787,2,0,0,46.07981201931711,1990s
MEX,22.38095238095238,3,0,0,41.15288275677707,1990s
MEX,31.123076923076923,4,0,0,45.60047706576963,1990s
MEX,39.52307692307692,5,0,0,52.81521088309604,1990s
MEX,47.35,6,0,0,57.831489761000256,1990s
MEX,55.640625,7,0,0,58.659004611126676,1990s
MEX,63.442622950819676,8,0,0,62.199566984148866,1990s
MEX,71.96969696969697,9,0,0,62.986853679249435,1990s
MEX,80.08620689655173,10,0,0,74.76166821492852,1990s
NIC,3.8333333333333335,1,0,0,31.103053292531357,Before 1950s
NIC,10.56,2,0,0,32.4466670488529,Before 1950s
NIC,16.565217391304348,3,0,0,50.30856903189882,Before 1950s
NIC,22.454545454545453,4,0,0,38.88936793101894,Before 1950s
NIC,29,5,0,0,52.598695941631405,Before 1950s
NIC,36.083333333333336,6,0,0,52.33474885620703,Before 1950s
NIC,43.40909090909091,7,0,0,64.66799601535064,Before 1950s
NIC,49.5,8,0,0,75.02580701937963,Before 1950s
NIC,55.56521739130435,9,0,0,74.48301448598886,Before 1950s
NIC,61.27272727272727,10,0,0,76.3277304771144,Before 1950s
NIC,3.9411764705882355,1,0,0,26.406431168951265,1950s
NIC,11.666666666666666,2,0,0,34.77801215857873,1950s
NIC,19.636363636363637,3,0,0,41.819233754706424,1950s
NIC,27.03125,4,0,0,38.876084809541005,1950s
NIC,33.96666666666667,5,0,0,50.66490640020386,1950s
NIC,41.42424242424242,6,0,0,47.74945666491909,1950s
NIC,49.03030303030303,7,0,0,49.319741806298545,1950s
NIC,55.903225806451616,8,0,0,58.845504438258715,1950s
NIC,63.5,9,0,0,62.416725988292185,1950s
NIC,70.72413793103448,10,0,0,77.46131156655011,1950s
NIC,3.9591836734693877,1,0,0,36.6616448723321,1960s
NIC,10.952380952380953,2,0,0,33.54880573295148,1960s
NIC,17.977777777777778,3,0,0,36.91401193933597,1960s
NIC,25.53061224489796,4,0,0,41.75714459677384,1960s
NIC,33.093023255813954,5,0,0,45.236256119845116,1960s
NIC,40.02127659574468,6,0,0,56.260676438226696,1960s
NIC,47.06818181818182,7,0,0,55.120673864201954,1960s
NIC,54.023809523809526,8,0,0,68.02496272479183,1960s
NIC,61.04545454545455,9,0,0,73.12423055404422,1960s
NIC,67.8409090909091,10,0,0,73.31646632089762,1960s
NIC,4.147540983606557,1,0,0,37.13430046677273,1970s
NIC,11.426229508196721,2,0,0,37.963312496764964,1970s
NIC,18.964285714285715,3,0,0,41.82351260488981,1970s
NIC,26.54385964912281,4,0,0,52.12328588970145,1970s
NIC,33.93333333333333,5,0,0,50.5738702073989,1970s
NIC,41.016949152542374,6,0,0,55.62803611942516,1970s
NIC,48.05357142857143,7,0,0,59.902049240291944,1970s
NIC,55.016129032258064,8,0,0,65.21304005372274,1970s
NIC,62.05357142857143,9,0,0,67.84245370584654,1970s
NIC,68.8,10,0,0,83.25057060112765,1970s
NIC,4.371794871794871,1,0,0,34.06449318336747,1980s
NIC,12.424657534246576,2,0,0,37.9260976971134,1980s
NIC,20.07246376811594,3,0,0,45.346538067265946,1980s
NIC,26.931506849315067,4,0,0,46.51219371256281,1980s
NIC,34.39506172839506,5,0,0,52.20451402034778,1980s
NIC,42,6,0,0,61.14152734933633,1980s
NIC,48.929577464788736,7,0,0,63.70389153115485,1980s
NIC,55.91549295774648,8,0,0,62.96888047294687,1980s
NIC,63.04109589041096,9,0,0,73.60230541033432,1980s
NIC,69.80882352941177,10,0,0,83.0462349315925,1980s
NIC,4.912621359223301,1,0,0,27.206210709354263,1990s
NIC,13.648936170212766,2,0,0,39.753591983179106,1990s
NIC,21.365591397849464,3,0,0,48.22774320609965,1990s
NIC,29.482758620689655,4,0,0,52.60806766451918,1990s
NIC,37.421052631578945,5,0,0,54.98275670832508,1990s
NIC,45.642105263157895,6,0,0,58.50297555859107,1990s
NIC,53.4468085106383,7,0,0,56.210781767965834,1990s
NIC,60.96551724137931,8,0,0,66.44293511985883,1990s
NIC,68.47368421052632,9,0,0,70.80003001212006,1990s
NIC,76.28260869565217,10,0,0,74.93840655380338,1990s
PAN,3.4,1,0,0,26.693268887122546,Before 1950s
PAN,10.24,2,0,0,25.93606186055504,Before 1950s
PAN,16.285714285714285,3,0,0,33.84181496109582,Before 1950s
PAN,22.52,4,0,0,32.13259489708049,Before 1950s
PAN,28.434782608695652,5,0,0,42.814299997395224,Before 1950s
PAN,34.5,6,0,0,54.234371748644556,Before 1950s
PAN,40.708333333333336,7,0,0,62.51361545417151,Before 1950s
PAN,46.608695652173914,8,0,0,62.54093413445458,Before 1950s
PAN,53.16,9,0,0,69.13421676643733,Before 1950s
PAN,59.142857142857146,10,0,0,79.05216247266092,Before 1950s
PAN,3.8461538461538463,1,0,0,25.96150339850778,1950s
PAN,11,2,0,0,38.04541621933251,1950s
PAN,17.47826086956522,3,0,0,35.072993689696126,1950s
PAN,23.869565217391305,4,0,0,48.87933107565977,1950s
PAN,30.565217391304348,5,0,0,57.83038994900025,1950s
PAN,36.96,6,0,0,52.956831448990904,1950s
PAN,44.03846153846154,7,0,0,62.654820105102544,1950s
PAN,50.59090909090909,8,0,0,69.4237207427958,1950s
PAN,56.916666666666664,9,0,0,65.5520679213099,1950s
PAN,63.38095238095238,10,0,0,74.07636475501218,1950s
PAN,3.982456140350877,1,0,0,27.142019651109482,1960s
PAN,10.925925925925926,2,0,0,39.014086604784346,1960s
PAN,18.086206896551722,3,0,0,44.501403587917395,1960s
PAN,25,4,0,0,38.992414439058344,1960s
PAN,32.056603773584904,5,0,0,57.72344695698841,1960s
PAN,38.96296296296296,6,0,0,55.05060074808816,1960s
PAN,46.035714285714285,7,0,0,64.30739766230269,1960s
PAN,52.9622641509434,8,0,0,71.39547552251275,1960s
PAN,59.945454545454545,9,0,0,78.32589943046038,1960s
PAN,66.83018867924528,10,0,0,80.01726006656737,1960s
PAN,4.405797101449275,1,0,0,31.611919243689414,1970s
PAN,11.918032786885245,2,0,0,39.79405948146893,1970s
PAN,18.563636363636363,3,0,0,48.75877520925154,1970s
PAN,25.0327868852459,4,0,0,45.48458308825377,1970s
PAN,32.621212121212125,5,0,0,57.27950168987613,1970s
PAN,39.96875,6,0,0,57.57484483082919,1970s
PAN,47.08474576271186,7,0,0,66.41904618878658,1970s
PAN,53.91803278688525,8,0,0,65.34572850690992,1970s
PAN,60.96774193548387,9,0,0,66.88014014443382,1970s
PAN,67.63636363636364,10,0,0,79.88231965362638,1970s
PAN,4.49438202247191,1,0,0,30.275689641620406,1980s
PAN,12.064102564102564,2,0,0,44.88289569958746,1980s
PAN,18.986666666666668,3,0,0,47.21215395439652,1980s
PAN,26.088607594936708,4,0,0,50.39643967139186,1980s
PAN,33,5,0,0,51.45021905701194,1980s
PAN,40.053333333333335,6,0,0,58.24396711274476,1980s
PAN,46.949367088607595,7,0,0,61.65530708759238,1980s
PAN,54.026666666666664,8,0,0,66.19116328535829,1980s
PAN,61.52873563218391,9,0,0,69.61282052019185,1980s
PAN,68.68115942028986,10,0,0,78.5227474148365,1980s
PAN,4.48051948051948,1,0,0,35.70786790135863,1990s
PAN,11.89041095890411,2,0,0,45.99128179893199,1990s
PAN,19.11111111111111,3,0,0,58.70851595880046,1990s
PAN,26,4,0,0,46.078114535580944,1990s
PAN,33.525,5,0,0,58.44833603372009,1990s
PAN,40.986301369863014,6,0,0,58.44062882949617,1990s
PAN,48.028985507246375,7,0,0,64.2633981626684,1990s
PAN,55.01428571428571,8,0,0,66.75603733471247,1990s
PAN,62.53012048192771,9,0,0,61.279336501807485,1990s
PAN,69.71428571428571,10,0,0,77.09115024630822,1990s
PER,6.4411764705882355,1,0,0,28.591565322796203,Before 1950s
PER,17.970588235294116,2,0,0,23.69481756572986,Before 1950s
PER,25.580645161290324,3,0,0,25.804445635210552,Before 1950s
PER,34.111111111111114,4,0,0,37.39203391597419,Before 1950s
PER,43.645161290322584,5,0,0,39.86705842859852,Before 1950s
PER,50.15151515151515,6,0,0,56.377247491416625,Before 1950s
PER,58.87096774193548,7,0,0,51.24345754447247,Before 1950s
PER,68.5,8,0,0,56.03303062638818,Before 1950s
PER,77.40625,9,0,0,65.93712793819064,Before 1950s
PER,85.63333333333334,10,0,0,69.11143492770697,Before 1950s
PER,7.26530612244898,1,0,0,27.23808834710116,1950s
PER,18.41860465116279,2,0,0,30.224151699812854,1950s
PER,26.170212765957448,3,0,0,24.989415521873863,1950s
PER,33.808510638297875,4,0,0,38.75340794552103,1950s
PER,44.22222222222222,5,0,0,47.672476724662594,1950s
PER,50.58695652173913,6,0,0,58.421562054538676,1950s
PER,59.53488372093023,7,0,0,57.43507064841773,1950s
PER,69.31818181818181,8,0,0,59.446134415584055,1950s
PER,77,9,0,0,63.506329563237074,1950s
PER,86.43181818181819,10,0,0,71.9014620333806,1950s
PER,6.535211267605634,1,0,0,33.44861585703469,1960s
PER,18.475,2,0,0,28.65704884581121,1960s
PER,25.822580645161292,3,0,0,38.52590966845695,1960s
PER,34.74285714285714,4,0,0,39.99328870124739,1960s
PER,45.57142857142857,5,0,0,50.95123580050672,1960s
PER,52.01449275362319,6,0,0,56.30083766708772,1960s
PER,60.95652173913044,7,0,0,46.455628219641625,1960s
PER,71.56410256410257,8,0,0,61.007887652401294,1960s
PER,79.73015873015873,9,0,0,64.13180557458774,1960s
PER,89.25,10,0,0,71.45489768322702,1960s
PER,8.546153846153846,1,0,0,27.00019103840509,1970s
PER,16.93103448275862,2,0,0,34.99565840096637,1970s
PER,25.104347826086958,3,0,0,37.50314856542076,1970s
PER,35.34615384615385,4,0,0,49.562456300564115,1970s
PER,41.457142857142856,5,0,0,46.73972854955937,1970s
PER,51.585585585585584,6,0,0,46.34891702029957,1970s
PER,60.83185840707964,7,0,0,59.53708173244249,1970s
PER,70.05825242718447,8,0,0,52.72379570109326,1970s
PER,80.97391304347826,9,0,0,62.24575178287118,1970s
PER,90.20202020202021,10,0,0,77.35510551698235,1970s
PER,6.7611940298507465,1,0,0,27.359027904576354,1980s
PER,16.254716981132077,2,0,0,32.968202045397,1980s
PER,26.073170731707318,3,0,0,47.13729890706817,1980s
PER,32.68852459016394,4,0,0,50.90651512239723,1980s
PER,43.113821138211385,5,0,0,41.79187691428171,1980s
PER,51.417391304347824,6,0,0,51.068645717028055,1980s
PER,60.863247863247864,7,0,0,50.7001718443919,1980s
PER,71.88235294117646,8,0,0,55.09369325118557,1980s
PER,81.16,9,0,0,68.40824959054119,1980s
PER,91.25438596491227,10,0,0,76.90296675929785,1980s
PER,6.089285714285714,1,0,0,33.11411115284837,1990s
PER,15.797979797979798,2,0,0,49.48190570648519,1990s
PER,23.605263157894736,3,0,0,38.974193678195995,1990s
PER,32.5,4,0,0,44.1649764776733,1990s
PER,42.028301886792455,5,0,0,44.970953658863024,1990s
PER,51.396039603960396,6,0,0,42.14797026126396,1990s
PER,62.981651376146786,7,0,0,54.77065883262677,1990s
PER,71.8411214953271,8,0,0,66.32360141397304,1990s
PER,81.81132075471699,9,0,0,64.40785584750519,1990s
PER,91.53125,10,0,0,67.21086323017241,1990s
PRY,3.3076923076923075,1,0,0,35.24233271788504,Before 1950s
PRY,9.181818181818182,2,0,0,51.39548229702297,Before 1950s
PRY,14.5,3,0,0,31.913215643559212,Before 1950s
PRY,20,4,0,0,52.81331148071694,Before 1950s
PRY,25,5,0,0,37.126913311662776,Before 1950s
PRY,30.666666666666668,6,0,0,36.78957240192938,Before 1950s
PRY,37.166666666666664,7,0,0,47.177811696361395,Before 1950s
PRY,44.166666666666664,8,0,0,68.230010538337993,Before 1950s
PRY,50,9,0,0,76.77877902351419,Before 1950s
PRY,55.4,10,0,0,78.27699575539759,Before 1950s
PRY,3.861111111111111,1,0,0,32.22632848972559,1950s
PRY,10.787878787878787,2,0,0,40.28635651448424,1950s
PRY,17.914285714285715,3,0,0,43.02890118770442,1950s
PRY,24.972972972972972,4,0,0,50.303297003072935,1950s
PRY,31.53125,5,0,0,56.500260486815094,1950s
PRY,38.166666666666664,6,0,0,55.8913571131931,1950s
PRY,45.03030303030303,7,0,0,65.21245152640428,1950s
PRY,51.58064516129032,8,0,0,68.73752847601477,1950s
PRY,58,9,0,0,74.28369581288403,1950s
PRY,64.46666666666667,10,0,0,82.6630246400395,1950s
PRY,4.022222222222222,1,0,0,29.795803254456093,1960s
PRY,10.526315789473685,2,0,0,33.493637975681104,1960s
PRY,16.575,3,0,0,43.28368249804417,1960s
PRY,23.022727272727273,4,0,0,54.24723331718931,1960s
PRY,29.41025641025641,5,0,0,45.559667223002165,1960s
PRY,35.56410256410256,6,0,0,56.00260529184562,1960s
PRY,41.91304347826087,7,0,0,57.958885846575974,1960s
PRY,48.64102564102564,8,0,0,69.92956627125186,1960s
PRY,55.04761904761905,9,0,0,69.39362763121241,1960s
PRY,61.27777777777778,10,0,0,82.94531766839543,1960s
PRY,3.870967741935484,1,0,0,30.60432665980843,1970s
PRY,11,2,0,0,34.51305216235975,1970s
PRY,18.44776119402985,3,0,0,40.99803297871695,1970s
PRY,26.016393442622952,4,0,0,54.083685877726644,1970s
PRY,32.528301886792455,5,0,0,53.08606322784077,1970s
PRY,38.98412698412698,6,0,0,57.33113191175373,1970s
PRY,45.96774193548387,7,0,0,64.73896344024584,1970s
PRY,53,8,0,0,57.80882928704566,1970s
PRY,59.92063492063492,9,0,0,62.03162271906375,1970s
PRY,66.71929824561404,10,0,0,82.34705006818689,1970s
PRY,3.9404761904761907,1,0,0,34.01235007936175,1980s
PRY,11,2,0,0,42.31993224761116,1980s
PRY,18.402173913043477,3,0,0,47.384129515831866,1980s
PRY,26.012048192771083,4,0,0,44.306732180463435,1980s
PRY,32.96551724137931,5,0,0,52.08159396131114,1980s
PRY,39.5,6,0,0,55.345607914088156,1980s
PRY,46.011764705882356,7,0,0,57.431572640666545,1980s
PRY,53.01219512195122,8,0,0,61.417700557485006,1980s
PRY,60,9,0,0,68.11501660481046,1980s
PRY,66.90361445783132,10,0,0,80.57238378845928,1980s
PRY,4,1,0,0,31.200191026550073,1990s
PRY,11.478260869565217,2,0,0,50.13394792932149,1990s
PRY,19.015873015873016,3,0,0,43.88605846644482,1990s
PRY,25.96969696969697,4,0,0,48.44848623104732,1990s
PRY,33.04761904761905,5,0,0,55.091060749818276,1990s
PRY,40,6,0,0,54.7513186347943,1990s
PRY,47.0625,7,0,0,59.76346283790092,1990s
PRY,54.015625,8,0,0,58.17712482767854,1990s
PRY,61.486111111111114,9,0,0,66.49768149489101,1990s
PRY,68.64912280701755,10,0,0,77.12023711490512,1990s
SLV,4.880952380952381,1,0,0,27.246255275316216,Before 1950s
SLV,14.880952380952381,2,0,0,33.477145666618476,Before 1950s
SLV,25.166666666666668,3,0,0,38.06859473369429,Before 1950s
SLV,33.45,4,0,0,42.40626330647993,Before 1950s
SLV,41.69444444444444,5,0,0,45.47077579705256,Before 1950s
SLV,49.88095238095238,6,0,0,41.60850758058479,Before 1950s
SLV,58.55,7,0,0,52.59513519527201,Before 1950s
SLV,66.95238095238095,8,0,0,64.3277917835922,Before 1950s
SLV,75.33333333333333,9,0,0,69.89240474269512,Before 1950s
SLV,83.46153846153847,10,0,0,72.04919023212041,Before 1950s
SLV,5.380952380952381,1,0,0,32.069902549494245,1950s
SLV,14.948717948717949,2,0,0,36.80197515826672,1950s
SLV,24.128205128205128,3,0,0,37.76358775809311,1950s
SLV,32.97560975609756,4,0,0,41.69167459446469,1950s
SLV,41.97560975609756,5,0,0,44.94585176989349,1950s
SLV,51.333333333333336,6,0,0,46.30328170611041,1950s
SLV,60.825,7,0,0,58.21631367907393,1950s
SLV,69.74358974358974,8,0,0,65.33568952799705,1950s
SLV,78.825,9,0,0,58.13204571299782,1950s
SLV,87.58974358974359,10,0,0,75.46465156731007,1950s
SLV,6.054545454545455,1,0,0,29.10770467037891,1960s
SLV,16.471698113207548,2,0,0,30.485384611055515,1960s
SLV,25.862745098039216,3,0,0,38.23609914941022,1960s
SLV,34.46808510638298,4,0,0,39.68411499176568,1960s
SLV,43.24074074074074,5,0,0,42.72227657509895,1960s
SLV,52.9622641509434,6,0,0,47.40056306086077,1960s
SLV,62.094339622641506,7,0,0,49.751327477668454,1960s
SLV,70.4375,8,0,0,65.88586876891158,1960s
SLV,79.03703703703704,9,0,0,66.37686391136549,1960s
SLV,87.44680851063829,10,0,0,80.63732690897851,1960s
SLV,5.341772151898734,1,0,0,30.28579203663756,1970s
SLV,14.986666666666666,2,0,0,29.347932046050182,1970s
SLV,24.55128205128205,3,0,0,45.47725488879134,1970s
SLV,34.06578947368421,4,0,0,39.435442462958676,1970s
SLV,43,5,0,0,43.390307326727964,1970s
SLV,51.97435897435897,6,0,0,55.18260429606168,1970s
SLV,61.06410256410256,7,0,0,60.20889082974072,1970s
SLV,69.9090909090909,8,0,0,66.55702083563887,1970s
SLV,78.50704225352112,9,0,0,69.32418057595612,1970s
SLV,87.16,10,0,0,77.15576841092386,1970s
SLV,5.517647058823529,1,0,0,28.728949374136583,1980s
SLV,15.494252873563218,2,0,0,27.385715391085956,1980s
SLV,25.0609756097561,3,0,0,39.84867713027301,1980s
SLV,34.47826086956522,4,0,0,43.950570496695455,1980s
SLV,43.48717948717949,5,0,0,50.92964476363932,1980s
SLV,52.095238095238095,6,0,0,49.69499212341918,1980s
SLV,61.61538461538461,7,0,0,56.473626627337666,1980s
SLV,70.52564102564102,8,0,0,58.713455101547446,1980s
SLV,79.02352941176471,9,0,0,67.2716562105314,1980s
SLV,87.82142857142857,10,0,0,80.14358983330611,1980s
SLV,5.563218390804598,1,0,0,26.69297252641476,1990s
SLV,14.925925925925926,2,0,0,34.676392522108515,1990s
SLV,23.561643835616437,3,0,0,35.7158369155156,1990s
SLV,32.02439024390244,4,0,0,44.83030312716811,1990s
SLV,41.03846153846154,5,0,0,48.221817505745264,1990s
SLV,50.063291139240505,6,0,0,55.372051019513385,1990s
SLV,59.050632911392405,7,0,0,63.52384097779313,1990s
SLV,68.0253164556962,8,0,0,62.028888898813314,1990s
SLV,76.95238095238095,9,0,0,64.10238384589806,1990s
SLV,85.72,10,0,0,72.75008200023484,1990s
SUR,4.315789473684211,1,0,0,33.435981283918494,Before 1950s
SUR,13.25,2,0,0,21.478067047938705,Before 1950s
SUR,19.818181818181817,3,0,0,27.505599120706144,Before 1950s
SUR,24.38888888888889,4,0,0,41.99475731947854,Before 1950s
SUR,28.61111111111111,5,0,0,49.1864212597215,Before 1950s
SUR,32.5,6,0,0,44.45580226343664,Before 1950s
SUR,36.904761904761905,7,0,0,41.05885740744289,Before 1950s
SUR,43.88235294117647,8,0,0,66.6958201116953,Before 1950s
SUR,50,9,0,0,71.19998678931053,Before 1950s
SUR,55.22222222222222,10,0,0,72.8950332019881,Before 1950s
SUR,6.551724137931035,1,0,0,31.99547423778252,1950s
SUR,15.32,2,0,0,36.46122973023771,1950s
SUR,20.62962962962963,3,0,0,40.05498229691351,1950s
SUR,24.666666666666668,4,0,0,38.45543965785172,1950s
SUR,27.85,5,0,0,53.20323304526602,1950s
SUR,31.4,6,0,0,45.49079391894628,1950s
SUR,38.17857142857143,7,0,0,47.60081976600039,1950s
SUR,43.583333333333336,8,0,0,52.46613099544416,1950s
SUR,50.51851851851852,9,0,0,54.77808723869565,1950s
SUR,55.28,10,0,0,68.6907811963657,1950s
SUR,6.295454545454546,1,0,0,35.02595035241365,1960s
SUR,16.595744680851062,2,0,0,32.53177164226416,1960s
SUR,21.30952380952381,3,0,0,42.0340336025641,1960s
SUR,25.25581395348837,4,0,0,36.183357456843964,1960s
SUR,29.657894736842106,5,0,0,54.336286151548975,1960s
SUR,37.02272727272727,6,0,0,49.79159220709629,1960s
SUR,43.048780487804876,7,0,0,63.49510672341724,1960s
SUR,48.395348837209305,8,0,0,67.60508608389117,1960s
SUR,53.97727272727273,9,0,0,73.37514178016943,1960s
SUR,58.21052631578947,10,0,0,81.79220616500935,1960s
SUR,5.741379310344827,1,0,0,36.9718206391847,1970s
SUR,13.147540983606557,2,0,0,35.418868587850824,1970s
SUR,18.032258064516128,3,0,0,40.95195969842411,1970s
SUR,24.264150943396228,4,0,0,44.90364653225821,1970s
SUR,29.638297872340427,5,0,0,51.81469699494527,1970s
SUR,35.08955223880597,6,0,0,60.92075916086218,1970s
SUR,40.84,7,0,0,61.67984587684153,1970s
SUR,45.96666666666667,8,0,0,70.4355040901327,1970s
SUR,50.53333333333333,9,0,0,79.86523054772779,1970s
SUR,54.50909090909091,10,0,0,81.85070413301364,1970s
SUR,5.102564102564102,1,0,0,26.372724749544265,1980s
SUR,10.805555555555555,2,0,0,35.4003690922053,1980s
SUR,17.973333333333333,3,0,0,49.342626648699614,1980s
SUR,23.718309859154928,4,0,0,58.258245464172276,1980s
SUR,28.904109589041095,5,0,0,58.684585872838085,1980s
SUR,36.906976744186046,6,0,0,64.0761400421715,1980s
SUR,42.94202898550725,7,0,0,64.41996712383092,1980s
SUR,48.611111111111114,8,0,0,65.91812495527735,1980s
SUR,52.6231884057971,9,0,0,75.55525049796333,1980s
SUR,56.03125,10,0,0,84.26346685225242,1980s
SUR,4.591836734693878,1,0,0,32.63331299597412,1990s
SUR,11.958333333333334,2,0,0,52.00520146082561,1990s
SUR,20.15686274509804,3,0,0,46.79033105469336,1990s
SUR,28.651162790697676,4,0,0,62.7075933429877,1990s
SUR,35.450980392156865,5,0,0,61.90029851360139,1990s
SUR,42.170212765957444,6,0,0,77.1642875921452,1990s
SUR,46.82608695652174,7,0,0,64.04444246892538,1990s
SUR,53.26923076923077,8,0,0,76.24100414594712,1990s
SUR,58.61538461538461,9,0,0,80.18817718126657,1990s
SUR,61.888888888888886,10,0,0,78.3469167703556,1990s
TTO,7.027027027027027,1,0,0,29.210492674393993,Before 1950s
TTO,12.709677419354838,2,0,0,26.710906288584766,Before 1950s
TTO,17.05128205128205,3,0,0,34.05695489030065,Before 1950s
TTO,24,4,0,0,33.659805830105725,Before 1950s
TTO,30.794117647058822,5,0,0,43.31694114580394,Before 1950s
TTO,38.526315789473685,6,0,0,56.43780379902661,Before 1950s
TTO,43.806451612903224,7,0,0,61.07136401753374,Before 1950s
TTO,50.5,8,0,0,75.51988562737233,Before 1950s
TTO,56.035714285714285,9,0,0,82.04418592021608,Before 1950s
TTO,59.45454545454545,10,0,0,80.57454134257671,Before 1950s
TTO,5.2,1,0,0,24.595567890448976,1950s
TTO,10.777777777777779,2,0,0,37.03584981737594,1950s
TTO,17.63157894736842,3,0,0,45.33188904644328,1950s
TTO,24.023809523809526,4,0,0,46.380330535418466,1950s
TTO,30.510204081632654,5,0,0,68.53729667233216,1950s
TTO,36.59615384615385,6,0,0,54.25644146667103,1950s
TTO,42.857142857142854,7,0,0,58.47606600445478,1950s
TTO,47.89795918367347,8,0,0,68.73374156528966,1950s
TTO,52.795918367346935,9,0,0,64.93335763016086,1950s
TTO,57.30612244897959,10,0,0,77.10855567178237,1950s
TTO,4.220338983050848,1,0,0,32.96180448713942,1960s
TTO,9.604651162790697,2,0,0,36.9131603576846,1960s
TTO,17.69811320754717,3,0,0,46.14910366948046,1960s
TTO,22.854545454545455,4,0,0,53.57869019193839,1960s
TTO,27.434782608695652,5,0,0,61.309417318396534,1960s
TTO,33.02040816326531,6,0,0,56.02043188651369,1960s
TTO,40.254901960784316,7,0,0,61.68044585429991,1960s
TTO,45.45283018867924,8,0,0,82.06241440510539,1960s
TTO,50.410714285714285,9,0,0,67.39490348814185,1960s
TTO,55.10526315789474,10,0,0,77.80404136580013,1960s
TTO,5.112244897959184,1,0,0,33.30676321848567,1970s
TTO,15.326086956521738,2,0,0,44.38985147473801,1970s
TTO,22.020833333333332,3,0,0,50.86266298223075,1970s
TTO,27.634408602150536,4,0,0,49.94554386119071,1970s
TTO,34.43434343434343,5,0,0,52.191492971907145,1970s
TTO,42.26732673267327,6,0,0,66.33484252650588,1970s
TTO,46.75714285714286,7,0,0,65.4216240930906,1970s
TTO,51.55140186915888,8,0,0,65.62326296589744,1970s
TTO,56.94871794871795,9,0,0,62.65726039464196,1970s
TTO,62.043956043956044,10,0,0,83.8916972375665,1970s
TTO,4.879310344827586,1,0,0,37.13159232936681,1980s
TTO,12.601626016260163,2,0,0,43.6529020218253,1980s
TTO,18.514563106796118,3,0,0,46.194598067691146,1980s
TTO,24.495575221238937,4,0,0,52.32867312765133,1980s
TTO,33.63551401869159,5,0,0,53.821062827319466,1980s
TTO,39.15929203539823,6,0,0,55.58985568925838,1980s
TTO,43.98198198198198,7,0,0,66.94655034141108,1980s
TTO,49.16216216216216,8,0,0,63.42691513379853,1980s
TTO,54.31896551724138,9,0,0,68.83213175410846,1980s
TTO,60.52427184466019,10,0,0,78.98654684120122,1980s
TTO,5.415584415584416,1,0,0,42.49730868251348,1990s
TTO,12.015384615384615,2,0,0,50.99060843091233,1990s
TTO,18.70149253731343,3,0,0,43.682019113739976,1990s
TTO,28.203125,4,0,0,51.11426205388454,1990s
TTO,37.208333333333336,5,0,0,56.715967390650775,1990s
TTO,42.74603174603175,6,0,0,58.53956900104205,1990s
TTO,48.986111111111114,7,0,0,67.31689279867199,1990s
TTO,54.71875,8,0,0,59.704876891058326,1990s
TTO,59.87179487179487,9,0,0,84.06352149120653,1990s
TTO,64.24561403508773,10,0,0,86.30039903394119,1990s
URY,4.507692307692308,1,0,0,27.565443065558295,Before 1950s
URY,12.885714285714286,2,0,0,42.09599851324965,Before 1950s
URY,21.446153846153845,3,0,0,50.32682534293594,Before 1950s
URY,29,4,0,0,48.27266743248271,Before 1950s
URY,37.02857142857143,5,0,0,52.97991483288425,Before 1950s
URY,45.03448275862069,6,0,0,64.98695943604885,Before 1950s
URY,52.50769230769231,7,0,0,63.71300256915925,Before 1950s
URY,60.46969696969697,8,0,0,66.96655845150465,Before 1950s
URY,68.36507936507937,9,0,0,62.99461201963915,Before 1950s
URY,76.35483870967742,10,0,0,78.67297247005243,Before 1950s
URY,5.391304347826087,1,0,0,34.93344741302979,1950s
URY,14.607142857142858,2,0,0,39.26865969332144,1950s
URY,23.015873015873016,3,0,0,40.95765397977077,1950s
URY,31.936507936507937,4,0,0,56.36531279585133,1950s
URY,40.983870967741936,5,0,0,50.2122145540152,1950s
URY,50.12903225806452,6,0,0,54.808807526491066,1950s
URY,59.015625,7,0,0,53.13079352638019,1950s
URY,68.0625,8,0,0,61.40695223165634,1950s
URY,77.03174603174604,9,0,0,58.21126526025305,1950s
URY,85.67241379310344,10,0,0,76.43847265592656,1950s
URY,4.909090909090909,1,0,0,42.26716313109047,1960s
URY,14.602739726027398,2,0,0,36.757328027644775,1960s
URY,24.032258064516128,3,0,0,46.16536320152102,1960s
URY,32.98461538461538,4,0,0,46.55737433381811,1960s
URY,42.014925373134325,5,0,0,48.61352511227741,1960s
URY,51.015151515151516,6,0,0,46.98561071237542,1960s
URY,60.04545454545455,7,0,0,52.8238362233752,1960s
URY,69.03030303030303,8,0,0,59.533638328053456,1960s
URY,78.05970149253731,9,0,0,69.1769355345202,1960s
URY,86.68852459016394,10,0,0,76.64340942493989,1960s
URY,5.589743589743589,1,0,0,33.116849935990096,1970s
URY,14.925373134328359,2,0,0,45.865285297806125,1970s
URY,24.042857142857144,3,0,0,45.36094659758192,1970s
URY,33.506493506493506,4,0,0,46.6440224876942,1970s
URY,43,5,0,0,46.459833294464076,1970s
URY,51.94202898550725,6,0,0,52.61898553051793,1970s
URY,61.01428571428571,7,0,0,58.89167443560775,1970s
URY,70.52702702702703,8,0,0,60.86740773409152,1970s
URY,79.94366197183099,9,0,0,76.64238132889034,1970s
URY,88.92537313432835,10,0,0,74.21034176570443,1970s
URY,5.448717948717949,1,0,0,36.32021090160284,1980s
URY,15.487179487179487,2,0,0,37.772240950289856,1980s
URY,24.972602739726028,3,0,0,39.80286756056059,1980s
URY,34.08450704225352,4,0,0,47.89143048751557,1980s
URY,43.68,5,0,0,50.12240034073896,1980s
URY,53.111111111111114,6,0,0,55.523623858827726,1980s
URY,62.5125,7,0,0,57.21914358752816,1980s
URY,72,8,0,0,69.03667256047314,1980s
URY,80.95890410958904,9,0,0,72.57734481471658,1980s
URY,89.85714285714286,10,0,0,75.97540838250714,1980s
URY,5.491803278688525,1,0,0,47.73032793536634,1990s
URY,15.107142857142858,2,0,0,48.167176347059616,1990s
URY,24.074074074074073,3,0,0,42.75427504505299,1990s
URY,33.49180327868852,4,0,0,50.04664840751459,1990s
URY,43,5,0,0,50.83146027910021,1990s
URY,51.98245614035088,6,0,0,60.837632837744934,1990s
URY,61.03703703703704,7,0,0,61.28562713286519,1990s
URY,70.61290322580645,8,0,0,65.18765165704563,1990s
URY,80.12280701754386,9,0,0,70.87663253696844,1990s
URY,88.52,10,0,0,78.87844332431116,1990s
